game_id,actionNumber,clock,period,teamId,teamTricode,personId,playerName,playerNameI,xLegacy,yLegacy,shotDistance,shotResult,isFieldGoal,scoreHome,scoreAway,pointsTotal,location,description,actionType,subType,videoAvailable,actionId
41100141,0,PT12M00.00S,1,0,,0,,,0,0,0,,0,0.0,0.0,0,,Start of 1st Period (1:13 PM EST),period,start,0,1
41100141,1,PT12M00.00S,1,1610612759,SAS,1495,Duncan,T. Duncan,0,0,0,,0,0.0,0.0,0,h,Jump Ball Duncan vs. Jefferson: Tip to Leonard,Jump Ball,,0,2
41100141,2,PT11M38.00S,1,1610612759,SAS,1495,Duncan,T. Duncan,-81,53,10,Missed,1,0.0,0.0,0,h,MISS Duncan 10' Turnaround Jump Shot,Missed Shot,Turnaround Jump Shot,0,3
41100141,3,PT11M35.00S,1,1610612762,UTA,2734,Harris,D. Harris,0,0,0,,0,0.0,0.0,0,v,Harris REBOUND (Off:0 Def:1),Rebound,Unknown,0,4
41100141,4,PT11M18.00S,1,1610612762,UTA,2572,Howard,J. Howard,-171,167,24,Missed,1,0.0,0.0,0,v,MISS Howard 24' 3PT Jump Shot,Missed Shot,Jump Shot,0,5
41100141,5,PT11M16.00S,1,1610612762,UTA,2572,Howard,J. Howard,0,0,0,,0,0.0,0.0,0,v,Howard REBOUND (Off:1 Def:0),Rebound,Unknown,0,6
41100141,6,PT11M10.00S,1,1610612762,UTA,2572,Howard,J. Howard,13,11,2,Missed,1,0.0,0.0,0,v,MISS Howard 2' Driving Layup,Missed Shot,Driving Layup Shot,0,7
41100141,7,PT11M09.00S,1,0,,1610612762,,,0,0,0,,0,0.0,0.0,0,v,Jazz Rebound,Rebound,Unknown,0,8
41100141,8,PT11M05.00S,1,1610612762,UTA,2744,Jefferson,A. Jefferson,-117,97,15,Missed,1,0.0,0.0,0,v,MISS Jefferson 15' Jump Shot,Missed Shot,Jump Shot,0,9
41100141,9,PT11M03.00S,1,1610612759,SAS,201980,Green,D. Green,0,0,0,,0,0.0,0.0,0,h,Green REBOUND (Off:0 Def:1),Rebound,Unknown,0,10
41100141,10,PT10M44.00S,1,1610612759,SAS,1495,Duncan,T. Duncan,-2,26,3,Made,1,2.0,0.0,2,h,Duncan 3' Layup (2 PTS),Made Shot,Layup Shot,0,11
41100141,11,PT10M32.00S,1,1610612762,UTA,202330,Hayward,G. Hayward,-240,48,24,Missed,1,0.0,0.0,0,v,MISS Hayward 24' 3PT Jump Shot,Missed Shot,Jump Shot,0,12
41100141,12,PT10M30.00S,1,1610612759,SAS,202695,Leonard,K. Leonard,0,0,0,,0,0.0,0.0,0,h,Leonard REBOUND (Off:0 Def:1),Rebound,Unknown,0,13
41100141,13,PT10M24.00S,1,0,,1610612759,,,0,0,0,,0,0.0,0.0,0,h,SPURS Timeout: Short (Full 0 Short 1),Timeout,Short,0,14
41100141,14,PT10M12.00S,1,1610612759,SAS,1495,Duncan,T. Duncan,129,37,13,Missed,1,0.0,0.0,0,h,MISS Duncan 13' Turnaround Bank Shot,Missed Shot,Turnaround Bank shot,0,15
41100141,15,PT10M11.00S,1,1610612762,UTA,2572,Howard,J. Howard,0,0,0,,0,0.0,0.0,0,v,Howard REBOUND (Off:1 Def:1),Rebound,Unknown,0,16
41100141,16,PT10M08.00S,1,1610612759,SAS,2225,Parker,T. Parker,0,0,0,,0,0.0,0.0,0,h,Parker P.FOUL (P1.T1),Foul,Personal,0,17
41100141,17,PT10M08.00S,1,1610612762,UTA,202330,Hayward,G. Hayward,0,0,0,,0,2.0,1.0,3,v,Hayward Free Throw 1 of 2 (1 PTS),Free Throw,Free Throw 1 of 2,0,18
41100141,19,PT10M08.00S,1,1610612762,UTA,202330,Hayward,G. Hayward,0,0,0,,0,2.0,2.0,4,v,Hayward Free Throw 2 of 2 (2 PTS),Free Throw,Free Throw 2 of 2,0,19
41100141,20,PT09M52.00S,1,1610612759,SAS,2225,Parker,T. Parker,0,0,0,,0,0.0,0.0,0,h,Parker Bad Pass Turnover (P1.T1),Turnover,Bad Pass,0,20
41100141,21,PT09M37.00S,1,1610612762,UTA,200794,Millsap,P. Millsap,116,14,12,Made,1,2.0,4.0,6,v,Millsap 12' Jump Shot (2 PTS),Made Shot,Jump Shot,0,21
41100141,22,PT09M22.00S,1,1610612759,SAS,2564,Diaw,B. Diaw,-13,6,1,Made,1,4.0,4.0,8,h,Diaw 1' Reverse Layup (2 PTS) (Parker 1 AST),Made Shot,Reverse Layup Shot,0,22
41100141,25,PT09M02.00S,1,1610612762,UTA,2734,Harris,D. Harris,-153,186,24,Made,1,4.0,7.0,11,v,Harris 24' 3PT Jump Shot (3 PTS),Made Shot,Jump Shot,0,23
41100141,26,PT08M42.00S,1,1610612759,SAS,202695,Leonard,K. Leonard,6,1,1,Made,1,6.0,7.0,13,h,Leonard 1' Layup (2 PTS) (Diaw 1 AST),Made Shot,Layup Shot,0,24
41100141,27,PT08M27.00S,1,1610612762,UTA,200794,Millsap,P. Millsap,-108,53,12,Missed,1,0.0,0.0,0,v,MISS Millsap 12' Jump Shot,Missed Shot,Jump Shot,0,25
41100141,28,PT08M26.00S,1,1610612759,SAS,2225,Parker,T. Parker,0,0,0,,0,0.0,0.0,0,h,Parker REBOUND (Off:0 Def:1),Rebound,Unknown,0,26
41100141,29,PT08M15.00S,1,1610612759,SAS,201980,Green,D. Green,-237,7,24,Missed,1,0.0,0.0,0,h,MISS Green 24' 3PT Jump Shot,Missed Shot,Jump Shot,0,27
41100141,30,PT08M13.00S,1,1610612759,SAS,2564,Diaw,B. Diaw,0,0,0,,0,0.0,0.0,0,h,Diaw REBOUND (Off:1 Def:0),Rebound,Unknown,0,28
41100141,31,PT08M11.00S,1,1610612759,SAS,2564,Diaw,B. Diaw,0,0,0,,0,0.0,0.0,0,h,Diaw Out of Bounds Lost Ball Turnover (P1.T2),Turnover,Out of Bounds Lost Ball Turnover,0,29
41100141,32,PT08M01.00S,1,1610612762,UTA,2744,Jefferson,A. Jefferson,-10,6,1,Made,1,6.0,9.0,15,v,Jefferson 1' Layup (2 PTS),Made Shot,Layup Shot,0,30
41100141,33,PT07M41.00S,1,1610612759,SAS,2225,Parker,T. Parker,58,56,8,Missed,1,0.0,0.0,0,h,MISS Parker 8' Jump Shot,Missed Shot,Jump Shot,0,31
41100141,34,PT07M40.00S,1,1610612762,UTA,200794,Millsap,P. Millsap,0,0,0,,0,0.0,0.0,0,v,Millsap REBOUND (Off:0 Def:1),Rebound,Unknown,0,32
41100141,35,PT07M34.00S,1,1610612762,UTA,2734,Harris,D. Harris,2,3,0,Made,1,6.0,11.0,17,v,Harris  Layup (5 PTS),Made Shot,Layup Shot,0,33
41100141,36,PT07M23.00S,1,1610612759,SAS,2225,Parker,T. Parker,39,72,8,Made,1,8.0,11.0,19,h,Parker 8' Floating Jump Shot (2 PTS),Made Shot,Floating Jump shot,0,34
41100141,37,PT07M09.00S,1,1610612762,UTA,2572,Howard,J. Howard,0,0,0,,0,0.0,0.0,0,v,Howard Bad Pass Turnover (P1.T1),Turnover,Bad Pass,0,35
41100141,37,PT07M09.00S,1,1610612759,SAS,1495,Duncan,T. Duncan,0,0,0,,0,0.0,0.0,0,h,Duncan STEAL (1 STL),,,0,36
41100141,38,PT06M58.00S,1,1610612759,SAS,2225,Parker,T. Parker,114,107,16,Missed,1,0.0,0.0,0,h,MISS Parker 16' Jump Shot,Missed Shot,Jump Shot,0,37
41100141,39,PT06M55.00S,1,1610612762,UTA,2572,Howard,J. Howard,0,0,0,,0,0.0,0.0,0,v,Howard REBOUND (Off:1 Def:2),Rebound,Unknown,0,38
41100141,40,PT06M37.00S,1,1610612762,UTA,2572,Howard,J. Howard,4,12,1,Missed,1,0.0,0.0,0,v,MISS Howard 1' Layup,Missed Shot,Layup Shot,0,39
41100141,41,PT06M35.00S,1,1610612759,SAS,2564,Diaw,B. Diaw,0,0,0,,0,0.0,0.0,0,h,Diaw REBOUND (Off:1 Def:1),Rebound,Unknown,0,40
41100141,42,PT06M31.00S,1,1610612759,SAS,1495,Duncan,T. Duncan,2,-6,1,Missed,1,0.0,0.0,0,h,MISS Duncan 1' Layup,Missed Shot,Layup Shot,0,41
41100141,42,PT06M31.00S,1,1610612762,UTA,200794,Millsap,P. Millsap,0,0,0,,0,0.0,0.0,0,v,Millsap BLOCK (1 BLK),,,0,42
41100141,43,PT06M30.00S,1,0,,1610612759,,,0,0,0,,0,0.0,0.0,0,h,SPURS Rebound,Rebound,Unknown,0,43
41100141,44,PT06M30.00S,1,1610612759,SAS,201980,Green,D. Green,0,0,0,,0,0.0,0.0,0,h,SUB: Ginobili FOR Green,Substitution,,0,44
41100141,46,PT06M27.00S,1,1610612759,SAS,1938,Ginobili,M. Ginobili,141,17,14,Made,1,10.0,11.0,21,h,Ginobili 14' Jump Shot (2 PTS) (Parker 2 AST),Made Shot,Jump Shot,0,45
41100141,47,PT06M11.00S,1,1610612762,UTA,2744,Jefferson,A. Jefferson,-51,53,7,Made,1,10.0,13.0,23,v,Jefferson 7' Jump Shot (4 PTS) (Hayward 1 AST),Made Shot,Jump Shot,0,46
41100141,48,PT05M54.00S,1,1610612759,SAS,2225,Parker,T. Parker,45,61,8,Made,1,12.0,13.0,25,h,Parker 8' Jump Shot (4 PTS) (Ginobili 1 AST),Made Shot,Jump Shot,0,47
41100141,49,PT05M36.00S,1,1610612762,UTA,2734,Harris,D. Harris,138,118,18,Missed,1,0.0,0.0,0,v,MISS Harris 18' Jump Shot,Missed Shot,Jump Shot,0,48
41100141,50,PT05M34.00S,1,1610612759,SAS,1495,Duncan,T. Duncan,0,0,0,,0,0.0,0.0,0,h,Duncan REBOUND (Off:0 Def:1),Rebound,Unknown,0,49
41100141,51,PT05M28.00S,1,1610612759,SAS,2564,Diaw,B. Diaw,0,6,1,Made,1,14.0,13.0,27,h,Diaw 1' Layup (4 PTS) (Parker 3 AST),Made Shot,Layup Shot,0,50
41100141,52,PT05M28.00S,1,1610612762,UTA,200794,Millsap,P. Millsap,0,0,0,,0,0.0,0.0,0,v,Millsap S.FOUL (P1.T1),Foul,Shooting,0,51
41100141,53,PT05M28.00S,1,0,,1610612759,,,0,0,0,,0,0.0,0.0,0,h,SPURS Timeout: Regular (Full 1 Short 1),Timeout,Regular,0,52
41100141,55,PT05M28.00S,1,1610612762,UTA,2572,Howard,J. Howard,0,0,0,,0,0.0,0.0,0,v,SUB: Carroll FOR Howard,Substitution,,0,53
41100141,56,PT05M28.00S,1,1610612759,SAS,202695,Leonard,K. Leonard,0,0,0,,0,0.0,0.0,0,h,SUB: Jackson FOR Leonard,Substitution,,0,54
41100141,57,PT05M28.00S,1,1610612759,SAS,2564,Diaw,B. Diaw,0,0,0,,0,15.0,13.0,28,h,Diaw Free Throw 1 of 1 (5 PTS),Free Throw,Free Throw 1 of 1,0,55
41100141,59,PT05M06.00S,1,1610612762,UTA,202330,Hayward,G. Hayward,-149,154,21,Made,1,15.0,15.0,30,v,Hayward 21' Jump Shot (4 PTS) (Jefferson 1 AST),Made Shot,Jump Shot,0,56
41100141,60,PT04M41.00S,1,1610612759,SAS,2225,Parker,T. Parker,-103,64,12,Missed,1,0.0,0.0,0,h,MISS Parker 12' Pullup Jump Shot,Missed Shot,Pullup Jump shot,0,57
41100141,61,PT04M38.00S,1,1610612762,UTA,202330,Hayward,G. Hayward,0,0,0,,0,0.0,0.0,0,v,Hayward REBOUND (Off:0 Def:1),Rebound,Unknown,0,58
41100141,62,PT04M29.00S,1,1610612762,UTA,200794,Millsap,P. Millsap,0,0,0,,0,0.0,0.0,0,v,Millsap Out of Bounds Lost Ball Turnover (P1.T2),Turnover,Out of Bounds Lost Ball Turnover,0,59
41100141,63,PT04M29.00S,1,1610612759,SAS,2564,Diaw,B. Diaw,0,0,0,,0,0.0,0.0,0,h,SUB: Bonner FOR Diaw,Substitution,,0,60
41100141,64,PT04M11.00S,1,1610612759,SAS,1536,Jackson,S. Jackson,-123,157,20,Made,1,17.0,15.0,32,h,Jackson 20' Jump Shot (2 PTS) (Duncan 1 AST),Made Shot,Jump Shot,0,61
41100141,65,PT03M45.00S,1,1610612762,UTA,2744,Jefferson,A. Jefferson,125,6,13,Missed,1,0.0,0.0,0,v,MISS Jefferson 13' Jump Shot,Missed Shot,Jump Shot,0,62
41100141,66,PT03M44.00S,1,1610612762,UTA,202330,Hayward,G. Hayward,0,0,0,,0,0.0,0.0,0,v,Hayward REBOUND (Off:1 Def:1),Rebound,Unknown,0,63
41100141,67,PT03M35.00S,1,1610612762,UTA,200794,Millsap,P. Millsap,-54,71,9,Missed,1,0.0,0.0,0,v,MISS Millsap 9' Jump Shot,Missed Shot,Jump Shot,0,64
41100141,68,PT03M34.00S,1,1610612762,UTA,200794,Millsap,P. Millsap,0,0,0,,0,0.0,0.0,0,v,Millsap REBOUND (Off:1 Def:1),Rebound,Unknown,0,65
41100141,69,PT03M25.00S,1,1610612762,UTA,200794,Millsap,P. Millsap,1,72,7,Missed,1,0.0,0.0,0,v,MISS Millsap 7' Jump Shot,Missed Shot,Jump Shot,0,66
41100141,70,PT03M23.00S,1,1610612759,SAS,1495,Duncan,T. Duncan,0,0,0,,0,0.0,0.0,0,h,Duncan REBOUND (Off:0 Def:2),Rebound,Unknown,0,67
41100141,71,PT03M15.00S,1,1610612759,SAS,1536,Jackson,S. Jackson,127,209,24,Missed,1,0.0,0.0,0,h,MISS Jackson 24' 3PT Jump Shot,Missed Shot,Jump Shot,0,68
41100141,72,PT03M13.00S,1,1610612759,SAS,1495,Duncan,T. Duncan,0,0,0,,0,0.0,0.0,0,h,Duncan REBOUND (Off:1 Def:2),Rebound,Unknown,0,69
41100141,73,PT03M10.00S,1,1610612759,SAS,1536,Jackson,S. Jackson,-8,14,2,Made,1,19.0,15.0,34,h,Jackson 2' Driving Layup (4 PTS) (Duncan 2 AST),Made Shot,Driving Layup Shot,0,70
41100141,74,PT02M48.00S,1,1610612762,UTA,202330,Hayward,G. Hayward,88,242,26,Missed,1,0.0,0.0,0,v,MISS Hayward 26' 3PT Jump Shot,Missed Shot,Jump Shot,0,71
41100141,75,PT02M47.00S,1,1610612759,SAS,1495,Duncan,T. Duncan,0,0,0,,0,0.0,0.0,0,h,Duncan REBOUND (Off:1 Def:3),Rebound,Unknown,0,72
41100141,76,PT02M42.00S,1,1610612759,SAS,1938,Ginobili,M. Ginobili,-10,1,1,Made,1,21.0,15.0,36,h,Ginobili 1' Slam Dunk (4 PTS) (Duncan 3 AST),Made Shot,Slam Dunk Shot,0,73
41100141,77,PT02M33.00S,1,0,,1610612762,,,0,0,0,,0,0.0,0.0,0,v,Jazz Timeout: Regular (Reg.1 Short 0),Timeout,Regular,0,74
41100141,79,PT02M33.00S,1,1610612762,UTA,200794,Millsap,P. Millsap,0,0,0,,0,0.0,0.0,0,v,SUB: Favors FOR Millsap,Substitution,,0,75
41100141,80,PT02M33.00S,1,1610612759,SAS,1495,Duncan,T. Duncan,0,0,0,,0,0.0,0.0,0,h,SUB: Splitter FOR Duncan,Substitution,,0,76
41100141,81,PT02M33.00S,1,1610612759,SAS,2225,Parker,T. Parker,0,0,0,,0,0.0,0.0,0,h,SUB: Neal FOR Parker,Substitution,,0,77
41100141,82,PT02M26.00S,1,1610612759,SAS,202390,Neal,G. Neal,0,0,0,,0,0.0,0.0,0,h,Neal P.FOUL (P1.T2),Foul,Personal,0,78
41100141,83,PT02M14.00S,1,1610612762,UTA,2744,Jefferson,A. Jefferson,-82,44,9,Missed,1,0.0,0.0,0,v,MISS Jefferson 9' Jump Shot,Missed Shot,Jump Shot,0,79
41100141,84,PT02M12.00S,1,1610612759,SAS,202390,Neal,G. Neal,0,0,0,,0,0.0,0.0,0,h,Neal REBOUND (Off:0 Def:1),Rebound,Unknown,0,80
41100141,85,PT01M59.00S,1,1610612759,SAS,2588,Bonner,M. Bonner,0,0,0,,0,0.0,0.0,0,h,Bonner Bad Pass Turnover (P1.T3),Turnover,Bad Pass,0,81
41100141,86,PT01M59.00S,1,1610612762,UTA,2734,Harris,D. Harris,0,0,0,,0,0.0,0.0,0,v,SUB: Tinsley FOR Harris,Substitution,,0,82
41100141,87,PT01M41.00S,1,1610612762,UTA,2224,Tinsley,J. Tinsley,-19,116,12,Missed,1,0.0,0.0,0,v,MISS Tinsley 12' Jump Shot,Missed Shot,Jump Shot,0,83
41100141,88,PT01M37.00S,1,1610612759,SAS,2588,Bonner,M. Bonner,0,0,0,,0,0.0,0.0,0,h,Bonner REBOUND (Off:0 Def:1),Rebound,Unknown,0,84
41100141,89,PT01M29.00S,1,1610612759,SAS,202390,Neal,G. Neal,-122,82,15,Made,1,23.0,15.0,38,h,Neal 15' Pullup Jump Shot (2 PTS),Made Shot,Pullup Jump shot,0,85
41100141,90,PT01M13.00S,1,1610612762,UTA,202324,Favors,D. Favors,24,142,14,Made,1,23.0,17.0,40,v,Favors 14' Jump Shot (2 PTS),Made Shot,Jump Shot,0,86
41100141,91,PT00M52.90S,1,1610612759,SAS,201168,Splitter,T. Splitter,9,-8,1,Missed,1,0.0,0.0,0,h,MISS Splitter 1' Layup,Missed Shot,Layup Shot,0,87
41100141,92,PT00M50.90S,1,1610612762,UTA,2744,Jefferson,A. Jefferson,0,0,0,,0,0.0,0.0,0,v,Jefferson REBOUND (Off:0 Def:1),Rebound,Unknown,0,88
41100141,93,PT00M38.90S,1,1610612762,UTA,2744,Jefferson,A. Jefferson,-7,12,1,Missed,1,0.0,0.0,0,v,MISS Jefferson 1' Layup,Missed Shot,Layup Shot,0,89
41100141,93,PT00M38.90S,1,1610612759,SAS,201168,Splitter,T. Splitter,0,0,0,,0,0.0,0.0,0,h,Splitter BLOCK (1 BLK),,,0,90
41100141,95,PT00M37.10S,1,1610612762,UTA,2744,Jefferson,A. Jefferson,0,0,0,,0,0.0,0.0,0,v,Jefferson REBOUND (Off:1 Def:1),Rebound,Unknown,0,91
41100141,94,PT00M37.10S,1,1610612762,UTA,2744,Jefferson,A. Jefferson,-4,-2,0,Made,1,23.0,19.0,42,v,Jefferson  Layup (6 PTS),Made Shot,Layup Shot,0,92
41100141,96,PT00M28.90S,1,1610612759,SAS,2588,Bonner,M. Bonner,-224,36,0,Made,1,26.0,19.0,45,h,Bonner  3PT Jump Shot (3 PTS) (Neal 1 AST),Made Shot,Jump Shot,0,93
41100141,97,PT00M10.90S,1,1610612762,UTA,201960,Carroll,D. Carroll,-235,0,24,Made,1,26.0,22.0,48,v,Carroll 24' 3PT Jump Shot (3 PTS) (Tinsley 1 AST),Made Shot,Jump Shot,0,94
41100141,98,PT00M05.10S,1,1610612762,UTA,2744,Jefferson,A. Jefferson,0,0,0,,0,0.0,0.0,0,v,Jefferson Personal Block Foul (P1.T2),Foul,Personal Block,0,95
41100141,99,PT00M05.10S,1,1610612762,UTA,2744,Jefferson,A. Jefferson,0,0,0,,0,0.0,0.0,0,v,SUB: Kanter FOR Jefferson,Substitution,,0,96
41100141,100,PT00M02.90S,1,1610612759,SAS,1938,Ginobili,M. Ginobili,-231,3,0,Missed,1,0.0,0.0,0,h,MISS Ginobili  3PT Jump Shot,Missed Shot,Jump Shot,0,97
41100141,102,PT00M00.90S,1,1610612759,SAS,201168,Splitter,T. Splitter,0,0,0,,0,0.0,0.0,0,h,Splitter REBOUND (Off:1 Def:0),Rebound,Unknown,0,98
41100141,101,PT00M00.90S,1,1610612759,SAS,201168,Splitter,T. Splitter,-4,0,0,Made,1,28.0,22.0,50,h,Splitter  Layup (2 PTS),Made Shot,Layup Shot,0,99
41100141,103,PT00M00.00S,1,1610612762,UTA,201960,Carroll,D. Carroll,-165,505,53,Missed,1,0.0,0.0,0,v,MISS Carroll 53' 3PT Running Jump Shot,Missed Shot,Running Jump Shot,0,100
41100141,104,PT00M00.00S,1,0,,1610612762,,,0,0,0,,0,0.0,0.0,0,v,Jazz Rebound,Rebound,Unknown,0,101
41100141,105,PT00M00.00S,1,0,,0,,,0,0,0,,0,28.0,22.0,50,,End of 1st Period (1:40 PM EST),period,end,0,102
41100141,107,PT12M00.00S,2,0,,0,,,0,0,0,,0,28.0,22.0,50,,Start of 2nd Period (1:43 PM EST),period,start,0,103
41100141,108,PT11M40.00S,2,1610612762,UTA,202683,Freedom,E. Freedom,0,0,0,,0,0.0,0.0,0,v,Kanter Traveling Turnover (P1.T3),Turnover,Traveling,0,104
41100141,109,PT11M30.00S,2,1610612759,SAS,1938,Ginobili,M. Ginobili,0,0,0,,0,0.0,0.0,0,h,Ginobili Lost Ball Turnover (P1.T4),Turnover,Lost Ball,0,105
41100141,109,PT11M30.00S,2,1610612762,UTA,202330,Hayward,G. Hayward,0,0,0,,0,0.0,0.0,0,v,Hayward STEAL (1 STL),,,0,106
41100141,110,PT11M26.00S,2,1610612759,SAS,2588,Bonner,M. Bonner,0,0,0,,0,0.0,0.0,0,h,Bonner S.FOUL (P1.T1),Foul,Shooting,0,107
41100141,111,PT11M26.00S,2,1610612762,UTA,202330,Hayward,G. Hayward,0,0,0,,0,28.0,23.0,51,v,Hayward Free Throw 1 of 2 (5 PTS),Free Throw,Free Throw 1 of 2,0,108
41100141,113,PT11M26.00S,2,1610612762,UTA,202330,Hayward,G. Hayward,0,0,0,,0,28.0,24.0,52,v,Hayward Free Throw 2 of 2 (6 PTS),Free Throw,Free Throw 2 of 2,0,109
41100141,115,PT11M18.00S,2,1610612762,UTA,202330,Hayward,G. Hayward,0,0,0,,0,0.0,0.0,0,v,Hayward P.FOUL (P1.T1),Foul,Personal,0,110
41100141,116,PT11M04.00S,2,1610612759,SAS,1938,Ginobili,M. Ginobili,-7,20,2,Made,1,30.0,24.0,54,h,Ginobili 2' Slam Dunk (6 PTS) (Bonner 1 AST),Made Shot,Slam Dunk Shot,0,111
41100141,117,PT11M02.00S,2,1610612762,UTA,2224,Tinsley,J. Tinsley,0,0,0,,0,0.0,0.0,0,v,Tinsley Traveling Turnover (P1.T4),Turnover,Traveling,0,112
41100141,118,PT10M45.00S,2,1610612759,SAS,201168,Splitter,T. Splitter,0,6,1,Made,1,32.0,24.0,56,h,Splitter 1' Dunk (4 PTS) (Neal 2 AST),Made Shot,Dunk Shot,0,113
41100141,120,PT10M30.00S,2,1610612762,UTA,202330,Hayward,G. Hayward,0,0,0,,0,0.0,0.0,0,v,SUB: Burks FOR Hayward,Substitution,,0,114
41100141,121,PT10M20.00S,2,1610612762,UTA,2224,Tinsley,J. Tinsley,-164,93,19,Missed,1,0.0,0.0,0,v,MISS Tinsley 19' Jump Shot,Missed Shot,Jump Shot,0,115
41100141,122,PT10M19.00S,2,1610612759,SAS,1536,Jackson,S. Jackson,0,0,0,,0,0.0,0.0,0,h,Jackson REBOUND (Off:0 Def:1),Rebound,Unknown,0,116
41100141,123,PT10M13.00S,2,1610612759,SAS,202390,Neal,G. Neal,168,178,24,Missed,1,0.0,0.0,0,h,MISS Neal 24' 3PT Pullup Jump Shot,Missed Shot,Pullup Jump shot,0,117
41100141,124,PT10M10.00S,2,1610612762,UTA,201960,Carroll,D. Carroll,0,0,0,,0,0.0,0.0,0,v,Carroll REBOUND (Off:0 Def:1),Rebound,Unknown,0,118
41100141,125,PT10M04.00S,2,1610612762,UTA,202683,Freedom,E. Freedom,7,135,14,Missed,1,0.0,0.0,0,v,MISS Kanter 14' Jump Shot,Missed Shot,Jump Shot,0,119
41100141,126,PT10M04.00S,2,0,,1610612759,,,0,0,0,,0,0.0,0.0,0,h,SPURS Rebound,Rebound,Unknown,0,120
41100141,127,PT10M04.00S,2,1610612762,UTA,201960,Carroll,D. Carroll,0,0,0,,0,0.0,0.0,0,v,Carroll L.B.FOUL (P1.T2),Foul,Loose Ball,0,121
41100141,128,PT10M04.00S,2,1610612759,SAS,1938,Ginobili,M. Ginobili,0,0,0,,0,0.0,0.0,0,h,SUB: Parker FOR Ginobili,Substitution,,0,122
41100141,129,PT09M48.00S,2,1610612759,SAS,1536,Jackson,S. Jackson,-7,-3,1,Missed,1,0.0,0.0,0,h,MISS Jackson 1' Layup,Missed Shot,Layup Shot,0,123
41100141,130,PT09M47.00S,2,1610612762,UTA,202324,Favors,D. Favors,0,0,0,,0,0.0,0.0,0,v,Favors REBOUND (Off:0 Def:1),Rebound,Unknown,0,124
41100141,131,PT09M42.00S,2,1610612759,SAS,202390,Neal,G. Neal,0,0,0,,0,0.0,0.0,0,h,Neal S.FOUL (P2.T2),Foul,Shooting,0,125
41100141,132,PT09M42.00S,2,1610612762,UTA,2224,Tinsley,J. Tinsley,0,0,0,,0,32.0,25.0,57,v,Tinsley Free Throw 1 of 2 (1 PTS),Free Throw,Free Throw 1 of 2,0,126
41100141,134,PT09M42.00S,2,1610612762,UTA,2224,Tinsley,J. Tinsley,0,0,0,,0,32.0,26.0,58,v,Tinsley Free Throw 2 of 2 (2 PTS),Free Throw,Free Throw 2 of 2,0,127
41100141,136,PT09M31.00S,2,1610612762,UTA,202683,Freedom,E. Freedom,0,0,0,,0,0.0,0.0,0,v,Kanter P.FOUL (P1.T3),Foul,Personal,0,128
41100141,137,PT09M31.00S,2,1610612759,SAS,202390,Neal,G. Neal,0,0,0,,0,0.0,0.0,0,h,SUB: Green FOR Neal,Substitution,,0,129
41100141,138,PT09M21.00S,2,1610612759,SAS,201168,Splitter,T. Splitter,1,3,0,Missed,1,0.0,0.0,0,h,MISS Splitter  Layup,Missed Shot,Layup Shot,0,130
41100141,139,PT09M19.00S,2,1610612762,UTA,2224,Tinsley,J. Tinsley,0,0,0,,0,0.0,0.0,0,v,Tinsley REBOUND (Off:0 Def:1),Rebound,Unknown,0,131
41100141,140,PT09M15.00S,2,1610612762,UTA,201960,Carroll,D. Carroll,9,-3,1,Made,1,32.0,28.0,60,v,Carroll 1' Layup (5 PTS) (Tinsley 2 AST),Made Shot,Layup Shot,0,132
41100141,141,PT09M15.00S,2,0,,1610612759,,,0,0,0,,0,0.0,0.0,0,h,SPURS Timeout: Regular (Full 2 Short 1),Timeout,Regular,0,133
41100141,143,PT08M54.00S,2,1610612762,UTA,202324,Favors,D. Favors,0,0,0,,0,0.0,0.0,0,v,Favors S.FOUL (P1.T4),Foul,Shooting,0,134
41100141,144,PT08M54.00S,2,1610612759,SAS,201168,Splitter,T. Splitter,0,0,0,,0,0.0,0.0,0,h,MISS Splitter Free Throw 1 of 2,Free Throw,Free Throw 1 of 2,0,135
41100141,145,PT08M54.00S,2,0,,1610612759,,,0,0,0,,0,0.0,0.0,0,h,SPURS Rebound,Rebound,Normal Rebound,0,136
41100141,146,PT08M54.00S,2,1610612759,SAS,201168,Splitter,T. Splitter,0,0,0,,0,0.0,0.0,0,h,MISS Splitter Free Throw 2 of 2,Free Throw,Free Throw 2 of 2,0,137
41100141,148,PT08M53.00S,2,1610612762,UTA,202692,Burks,A. Burks,0,0,0,,0,0.0,0.0,0,v,Burks REBOUND (Off:0 Def:1),Rebound,Unknown,0,138
41100141,149,PT08M39.00S,2,1610612762,UTA,202324,Favors,D. Favors,1,9,1,Made,1,32.0,30.0,62,v,Favors 1' Layup (4 PTS) (Burks 1 AST),Made Shot,Layup Shot,0,139
41100141,150,PT08M21.00S,2,1610612759,SAS,1536,Jackson,S. Jackson,-237,-10,24,Made,1,35.0,30.0,65,h,Jackson 24' 3PT Jump Shot (7 PTS) (Parker 4 AST),Made Shot,Jump Shot,0,140
41100141,151,PT08M00.00S,2,1610612762,UTA,202324,Favors,D. Favors,-138,31,14,Made,1,35.0,32.0,67,v,Favors 14' Jump Shot (6 PTS) (Tinsley 3 AST),Made Shot,Jump Shot,0,141
41100141,152,PT07M40.00S,2,1610612759,SAS,2225,Parker,T. Parker,1,6,1,Made,1,37.0,32.0,69,h,Parker 1' Reverse Layup (6 PTS),Made Shot,Reverse Layup Shot,0,142
41100141,153,PT07M25.00S,2,1610612759,SAS,2588,Bonner,M. Bonner,0,0,0,,0,0.0,0.0,0,h,Bonner S.FOUL (P2.T3),Foul,Shooting,0,143
41100141,154,PT07M25.00S,2,1610612762,UTA,202692,Burks,A. Burks,0,0,0,,0,37.0,33.0,70,v,Burks Free Throw 1 of 2 (1 PTS),Free Throw,Free Throw 1 of 2,0,144
41100141,156,PT07M25.00S,2,1610612762,UTA,202683,Freedom,E. Freedom,0,0,0,,0,0.0,0.0,0,v,SUB: Millsap FOR Kanter,Substitution,,0,145
41100141,157,PT07M25.00S,2,1610612759,SAS,201168,Splitter,T. Splitter,0,0,0,,0,0.0,0.0,0,h,SUB: Duncan FOR Splitter,Substitution,,0,146
41100141,158,PT07M25.00S,2,1610612759,SAS,2588,Bonner,M. Bonner,0,0,0,,0,0.0,0.0,0,h,SUB: Diaw FOR Bonner,Substitution,,0,147
41100141,159,PT07M25.00S,2,1610612762,UTA,202692,Burks,A. Burks,0,0,0,,0,37.0,34.0,71,v,Burks Free Throw 2 of 2 (2 PTS),Free Throw,Free Throw 2 of 2,0,148
41100141,161,PT07M15.00S,2,1610612759,SAS,2564,Diaw,B. Diaw,1,-2,0,Made,1,39.0,34.0,73,h,Diaw  Layup (7 PTS) (Duncan 4 AST),Made Shot,Layup Shot,0,149
41100141,162,PT06M53.00S,2,1610612762,UTA,200794,Millsap,P. Millsap,-7,4,1,Made,1,39.0,36.0,75,v,Millsap 1' Layup (4 PTS) (Favors 1 AST),Made Shot,Layup Shot,0,150
41100141,163,PT06M31.00S,2,1610612759,SAS,2225,Parker,T. Parker,-41,156,16,Made,1,41.0,36.0,77,h,Parker 16' Pullup Jump Shot (8 PTS),Made Shot,Pullup Jump shot,0,151
41100141,164,PT06M14.00S,2,1610612762,UTA,202324,Favors,D. Favors,23,183,18,Missed,1,0.0,0.0,0,v,MISS Favors 18' Jump Shot,Missed Shot,Jump Shot,0,152
41100141,165,PT06M12.00S,2,1610612759,SAS,2225,Parker,T. Parker,0,0,0,,0,0.0,0.0,0,h,Parker REBOUND (Off:0 Def:2),Rebound,Unknown,0,153
41100141,166,PT06M07.00S,2,1610612759,SAS,1495,Duncan,T. Duncan,-2,12,1,Missed,1,0.0,0.0,0,h,MISS Duncan 1' Dunk,Missed Shot,Dunk Shot,0,154
41100141,166,PT06M07.00S,2,1610612762,UTA,202324,Favors,D. Favors,0,0,0,,0,0.0,0.0,0,v,Favors BLOCK (1 BLK),,,0,155
41100141,167,PT06M05.00S,2,1610612759,SAS,1495,Duncan,T. Duncan,0,0,0,,0,0.0,0.0,0,h,Duncan REBOUND (Off:2 Def:3),Rebound,Unknown,0,156
41100141,168,PT05M59.00S,2,1610612759,SAS,1495,Duncan,T. Duncan,1,-3,0,Missed,1,0.0,0.0,0,h,MISS Duncan  Layup,Missed Shot,Layup Shot,0,157
41100141,168,PT05M59.00S,2,1610612762,UTA,201960,Carroll,D. Carroll,0,0,0,,0,0.0,0.0,0,v,Carroll BLOCK (1 BLK),,,0,158
41100141,169,PT05M56.00S,2,1610612762,UTA,201960,Carroll,D. Carroll,0,0,0,,0,0.0,0.0,0,v,Carroll REBOUND (Off:0 Def:2),Rebound,Unknown,0,159
41100141,170,PT05M55.00S,2,1610612762,UTA,202692,Burks,A. Burks,2,-5,1,Made,1,41.0,38.0,79,v,Burks 1' Layup (4 PTS) (Tinsley 4 AST),Made Shot,Layup Shot,0,160
41100141,171,PT05M32.00S,2,1610612759,SAS,2225,Parker,T. Parker,95,53,11,Missed,1,0.0,0.0,0,h,MISS Parker 11' Jump Shot,Missed Shot,Jump Shot,0,161
41100141,172,PT05M31.00S,2,1610612762,UTA,200794,Millsap,P. Millsap,0,0,0,,0,0.0,0.0,0,v,Millsap REBOUND (Off:1 Def:2),Rebound,Unknown,0,162
41100141,179,PT05M27.00S,2,1610612762,UTA,201960,Carroll,D. Carroll,-1,16,2,Missed,1,0.0,0.0,0,v,MISS Carroll 2' Reverse Layup,Missed Shot,Reverse Layup Shot,0,163
41100141,179,PT05M27.00S,2,1610612759,SAS,1536,Jackson,S. Jackson,0,0,0,,0,0.0,0.0,0,h,Jackson BLOCK (1 BLK),,,0,164
41100141,178,PT05M26.00S,2,1610612762,UTA,201960,Carroll,D. Carroll,0,0,0,,0,0.0,0.0,0,v,Carroll REBOUND (Off:1 Def:2),Rebound,Unknown,0,165
41100141,173,PT05M24.00S,2,1610612762,UTA,201960,Carroll,D. Carroll,-95,31,10,Missed,1,0.0,0.0,0,v,MISS Carroll 10' Jump Shot,Missed Shot,Jump Shot,0,166
41100141,174,PT05M22.00S,2,1610612759,SAS,2564,Diaw,B. Diaw,0,0,0,,0,0.0,0.0,0,h,Diaw REBOUND (Off:1 Def:2),Rebound,Unknown,0,167
41100141,175,PT05M19.00S,2,1610612759,SAS,2225,Parker,T. Parker,1,4,0,Missed,1,0.0,0.0,0,h,MISS Parker  Layup,Missed Shot,Layup Shot,0,168
41100141,175,PT05M19.00S,2,1610612762,UTA,202324,Favors,D. Favors,0,0,0,,0,0.0,0.0,0,v,Favors BLOCK (2 BLK),,,0,169
41100141,176,PT05M15.00S,2,1610612759,SAS,1536,Jackson,S. Jackson,0,0,0,,0,0.0,0.0,0,h,Jackson REBOUND (Off:1 Def:1),Rebound,Unknown,0,170
41100141,177,PT05M03.00S,2,1610612759,SAS,1495,Duncan,T. Duncan,1,4,0,Made,1,43.0,38.0,81,h,Duncan  Slam Dunk (4 PTS) (Parker 5 AST),Made Shot,Slam Dunk Shot,0,171
41100141,180,PT04M42.00S,2,1610612759,SAS,1536,Jackson,S. Jackson,0,0,0,,0,0.0,0.0,0,h,Jackson Shooting Block Foul (P1.T4),Foul,Shooting Block,0,172
41100141,181,PT04M42.00S,2,0,,0,,,0,0,0,,0,0.0,0.0,0,,Timeout: Official,Timeout,Official,0,173
41100141,183,PT04M42.00S,2,1610612762,UTA,202324,Favors,D. Favors,0,0,0,,0,0.0,0.0,0,v,SUB: Jefferson FOR Favors,Substitution,,0,174
41100141,184,PT04M42.00S,2,1610612762,UTA,201960,Carroll,D. Carroll,0,0,0,,0,0.0,0.0,0,v,SUB: Howard FOR Carroll,Substitution,,0,175
41100141,185,PT04M42.00S,2,1610612759,SAS,1536,Jackson,S. Jackson,0,0,0,,0,0.0,0.0,0,h,SUB: Ginobili FOR Jackson,Substitution,,0,176
41100141,186,PT04M42.00S,2,1610612762,UTA,200794,Millsap,P. Millsap,0,0,0,,0,43.0,39.0,82,v,Millsap Free Throw 1 of 2 (5 PTS),Free Throw,Free Throw 1 of 2,0,177
41100141,188,PT04M42.00S,2,1610612762,UTA,200794,Millsap,P. Millsap,0,0,0,,0,0.0,0.0,0,v,MISS Millsap Free Throw 2 of 2,Free Throw,Free Throw 2 of 2,0,178
41100141,190,PT04M40.00S,2,1610612759,SAS,2564,Diaw,B. Diaw,0,0,0,,0,0.0,0.0,0,h,Diaw REBOUND (Off:1 Def:3),Rebound,Unknown,0,179
41100141,191,PT04M28.00S,2,1610612759,SAS,2564,Diaw,B. Diaw,77,11,8,Missed,1,0.0,0.0,0,h,MISS Diaw 8' Running Bank Shot,Missed Shot,Running Bank shot,0,180
41100141,192,PT04M23.00S,2,1610612762,UTA,200794,Millsap,P. Millsap,0,0,0,,0,0.0,0.0,0,v,Millsap REBOUND (Off:1 Def:3),Rebound,Unknown,0,181
41100141,193,PT04M04.00S,2,1610612762,UTA,2744,Jefferson,A. Jefferson,-152,89,18,Missed,1,0.0,0.0,0,v,MISS Jefferson 18' Jump Shot,Missed Shot,Jump Shot,0,182
41100141,194,PT04M03.00S,2,1610612759,SAS,1938,Ginobili,M. Ginobili,0,0,0,,0,0.0,0.0,0,h,Ginobili REBOUND (Off:0 Def:1),Rebound,Unknown,0,183
41100141,195,PT03M56.00S,2,1610612759,SAS,2225,Parker,T. Parker,2,4,0,Made,1,45.0,39.0,84,h,Parker  Layup (10 PTS),Made Shot,Layup Shot,0,184
41100141,196,PT03M35.00S,2,1610612762,UTA,200794,Millsap,P. Millsap,1,1,0,Made,1,45.0,41.0,86,v,Millsap  Dunk (7 PTS) (Howard 1 AST),Made Shot,Dunk Shot,0,185
41100141,197,PT03M23.00S,2,1610612762,UTA,2224,Tinsley,J. Tinsley,0,0,0,,0,0.0,0.0,0,v,Tinsley S.FOUL (P1.PN),Foul,Shooting,0,186
41100141,198,PT03M23.00S,2,1610612759,SAS,2225,Parker,T. Parker,0,0,0,,0,46.0,41.0,87,h,Parker Free Throw 1 of 2 (11 PTS),Free Throw,Free Throw 1 of 2,0,187
41100141,200,PT03M23.00S,2,1610612759,SAS,201980,Green,D. Green,0,0,0,,0,0.0,0.0,0,h,SUB: Leonard FOR Green,Substitution,,0,188
41100141,213,PT03M23.00S,2,1610612762,UTA,2224,Tinsley,J. Tinsley,0,0,0,,0,0.0,0.0,0,v,SUB: Harris FOR Tinsley,Substitution,,0,189
41100141,201,PT03M23.00S,2,1610612759,SAS,2225,Parker,T. Parker,0,0,0,,0,0.0,0.0,0,h,MISS Parker Free Throw 2 of 2,Free Throw,Free Throw 2 of 2,0,190
41100141,203,PT03M22.00S,2,0,,1610612759,,,0,0,0,,0,0.0,0.0,0,h,SPURS Rebound,Rebound,Unknown,0,191
41100141,204,PT03M16.00S,2,1610612759,SAS,1938,Ginobili,M. Ginobili,0,58,6,Missed,1,0.0,0.0,0,h,MISS Ginobili 6' Jump Shot,Missed Shot,Jump Shot,0,192
41100141,205,PT03M15.00S,2,1610612762,UTA,200794,Millsap,P. Millsap,0,0,0,,0,0.0,0.0,0,v,Millsap REBOUND (Off:1 Def:4),Rebound,Unknown,0,193
41100141,207,PT02M55.00S,2,1610612762,UTA,2734,Harris,D. Harris,0,0,0,,0,0.0,0.0,0,v,Harris Bad Pass Turnover (P1.T5),Turnover,Bad Pass,0,194
41100141,207,PT02M55.00S,2,1610612759,SAS,1938,Ginobili,M. Ginobili,0,0,0,,0,0.0,0.0,0,h,Ginobili STEAL (1 STL),,,0,195
41100141,208,PT02M50.00S,2,1610612759,SAS,1938,Ginobili,M. Ginobili,-5,1,1,Missed,1,0.0,0.0,0,h,MISS Ginobili 1' Dunk,Missed Shot,Dunk Shot,0,196
41100141,209,PT02M47.00S,2,1610612762,UTA,2734,Harris,D. Harris,0,0,0,,0,0.0,0.0,0,v,Harris REBOUND (Off:0 Def:2),Rebound,Unknown,0,197
41100141,210,PT02M37.00S,2,1610612762,UTA,200794,Millsap,P. Millsap,0,0,0,,0,0.0,0.0,0,v,Millsap Bad Pass Turnover (P2.T6),Turnover,Bad Pass,0,198
41100141,210,PT02M37.00S,2,1610612759,SAS,202695,Leonard,K. Leonard,0,0,0,,0,0.0,0.0,0,h,Leonard STEAL (1 STL),,,0,199
41100141,211,PT02M30.00S,2,1610612762,UTA,200794,Millsap,P. Millsap,0,0,0,,0,0.0,0.0,0,v,Millsap S.FOUL (P2.PN),Foul,Shooting,0,200
41100141,212,PT02M30.00S,2,0,,1610612762,,,0,0,0,,0,0.0,0.0,0,v,Jazz Timeout: Regular (Reg.2 Short 0),Timeout,Regular,0,201
41100141,215,PT02M30.00S,2,1610612762,UTA,202692,Burks,A. Burks,0,0,0,,0,0.0,0.0,0,v,SUB: Hayward FOR Burks,Substitution,,0,202
41100141,216,PT02M30.00S,2,1610612759,SAS,1495,Duncan,T. Duncan,0,0,0,,0,0.0,0.0,0,h,MISS Duncan Free Throw 1 of 2,Free Throw,Free Throw 1 of 2,0,203
41100141,217,PT02M30.00S,2,0,,1610612759,,,0,0,0,,0,0.0,0.0,0,h,SPURS Rebound,Rebound,Normal Rebound,0,204
41100141,218,PT02M30.00S,2,1610612759,SAS,1495,Duncan,T. Duncan,0,0,0,,0,47.0,41.0,88,h,Duncan Free Throw 2 of 2 (5 PTS),Free Throw,Free Throw 2 of 2,0,205
41100141,220,PT02M15.00S,2,1610612762,UTA,200794,Millsap,P. Millsap,1,14,1,Made,1,47.0,43.0,90,v,Millsap 1' Layup (9 PTS) (Harris 1 AST),Made Shot,Layup Shot,0,206
41100141,221,PT02M03.00S,2,1610612759,SAS,1495,Duncan,T. Duncan,1,0,0,Made,1,49.0,43.0,92,h,Duncan  Alley Oop Layup (7 PTS) (Parker 6 AST),Made Shot,Alley Oop Layup shot,0,207
41100141,222,PT01M47.00S,2,1610612762,UTA,2572,Howard,J. Howard,0,0,0,,0,0.0,0.0,0,v,Howard Bad Pass Turnover (P2.T7),Turnover,Bad Pass,0,208
41100141,222,PT01M47.00S,2,1610612759,SAS,1938,Ginobili,M. Ginobili,0,0,0,,0,0.0,0.0,0,h,Ginobili STEAL (2 STL),,,0,209
41100141,223,PT01M41.00S,2,1610612759,SAS,1938,Ginobili,M. Ginobili,39,153,16,Missed,1,0.0,0.0,0,h,MISS Ginobili 16' Jump Shot,Missed Shot,Jump Shot,0,210
41100141,224,PT01M39.00S,2,1610612759,SAS,1495,Duncan,T. Duncan,0,0,0,,0,0.0,0.0,0,h,Duncan REBOUND (Off:3 Def:3),Rebound,Unknown,0,211
41100141,225,PT01M36.00S,2,1610612759,SAS,1938,Ginobili,M. Ginobili,-41,19,5,Missed,1,0.0,0.0,0,h,MISS Ginobili 5' Driving Jump Shot,Missed Shot,Driving Jump shot,0,212
41100141,225,PT01M36.00S,2,1610612762,UTA,200794,Millsap,P. Millsap,0,0,0,,0,0.0,0.0,0,v,Millsap BLOCK (2 BLK),,,0,213
41100141,226,PT01M34.00S,2,1610612759,SAS,1495,Duncan,T. Duncan,0,0,0,,0,0.0,0.0,0,h,Duncan REBOUND (Off:4 Def:3),Rebound,Unknown,0,214
41100141,227,PT01M21.00S,2,1610612759,SAS,2225,Parker,T. Parker,129,61,14,Missed,1,0.0,0.0,0,h,MISS Parker 14' Jump Shot,Missed Shot,Jump Shot,0,215
41100141,227,PT01M21.00S,2,1610612762,UTA,2734,Harris,D. Harris,0,0,0,,0,0.0,0.0,0,v,Harris BLOCK (1 BLK),,,0,216
41100141,228,PT01M18.00S,2,1610612762,UTA,2744,Jefferson,A. Jefferson,0,0,0,,0,0.0,0.0,0,v,Jefferson REBOUND (Off:1 Def:2),Rebound,Unknown,0,217
41100141,229,PT01M08.00S,2,1610612762,UTA,202330,Hayward,G. Hayward,-168,48,17,Missed,1,0.0,0.0,0,v,MISS Hayward 17' Jump Shot,Missed Shot,Jump Shot,0,218
41100141,230,PT01M06.00S,2,1610612759,SAS,2564,Diaw,B. Diaw,0,0,0,,0,0.0,0.0,0,h,Diaw REBOUND (Off:1 Def:4),Rebound,Unknown,0,219
41100141,231,PT01M03.00S,2,1610612759,SAS,2564,Diaw,B. Diaw,0,0,0,,0,0.0,0.0,0,h,Diaw Lost Ball Turnover (P2.T5),Turnover,Lost Ball,0,220
41100141,231,PT01M03.00S,2,1610612762,UTA,2572,Howard,J. Howard,0,0,0,,0,0.0,0.0,0,v,Howard STEAL (1 STL),,,0,221
41100141,232,PT00M58.90S,2,1610612762,UTA,2572,Howard,J. Howard,-127,1,13,Missed,1,0.0,0.0,0,v,MISS Howard 13' Jump Shot,Missed Shot,Jump Shot,0,222
41100141,233,PT00M56.90S,2,1610612759,SAS,2225,Parker,T. Parker,0,0,0,,0,0.0,0.0,0,h,Parker REBOUND (Off:0 Def:3),Rebound,Unknown,0,223
41100141,234,PT00M54.10S,2,1610612759,SAS,2225,Parker,T. Parker,1,9,1,Made,1,51.0,43.0,94,h,Parker 1' Layup (13 PTS),Made Shot,Layup Shot,0,224
41100141,235,PT00M54.10S,2,1610612762,UTA,2744,Jefferson,A. Jefferson,0,0,0,,0,0.0,0.0,0,v,Jefferson S.FOUL (P2.PN),Foul,Shooting,0,225
41100141,236,PT00M54.10S,2,1610612759,SAS,2564,Diaw,B. Diaw,0,0,0,,0,0.0,0.0,0,h,SUB: Bonner FOR Diaw,Substitution,,0,226
41100141,237,PT00M54.10S,2,1610612759,SAS,2225,Parker,T. Parker,0,0,0,,0,52.0,43.0,95,h,Parker Free Throw 1 of 1 (14 PTS),Free Throw,Free Throw 1 of 1,0,227
41100141,239,PT00M37.90S,2,1610612762,UTA,200794,Millsap,P. Millsap,45,50,7,Made,1,52.0,45.0,97,v,Millsap 7' Jump Shot (11 PTS) (Hayward 2 AST),Made Shot,Jump Shot,0,228
41100141,240,PT00M30.90S,2,1610612759,SAS,1938,Ginobili,M. Ginobili,-166,172,24,Missed,1,0.0,0.0,0,h,MISS Ginobili 24' 3PT Jump Shot,Missed Shot,Jump Shot,0,229
41100141,241,PT00M28.90S,2,1610612759,SAS,2588,Bonner,M. Bonner,0,0,0,,0,0.0,0.0,0,h,Bonner REBOUND (Off:1 Def:1),Rebound,Unknown,0,230
41100141,242,PT00M28.60S,2,1610612762,UTA,2734,Harris,D. Harris,0,0,0,,0,0.0,0.0,0,v,Harris L.B.FOUL (P1.PN),Foul,Loose Ball,0,231
41100141,243,PT00M28.60S,2,1610612759,SAS,2225,Parker,T. Parker,0,0,0,,0,53.0,45.0,98,h,Parker Free Throw 1 of 2 (15 PTS),Free Throw,Free Throw 1 of 2,0,232
41100141,245,PT00M28.60S,2,1610612759,SAS,2225,Parker,T. Parker,0,0,0,,0,54.0,45.0,99,h,Parker Free Throw 2 of 2 (16 PTS),Free Throw,Free Throw 2 of 2,0,233
41100141,247,PT00M06.80S,2,1610612762,UTA,2744,Jefferson,A. Jefferson,-49,31,6,Made,1,54.0,47.0,101,v,Jefferson 6' Jump Bank Shot (8 PTS),Made Shot,Jump Bank Shot,0,234
41100141,248,PT00M00.90S,2,1610612759,SAS,2588,Bonner,M. Bonner,-128,222,26,Missed,1,0.0,0.0,0,h,MISS Bonner 26' 3PT Jump Shot,Missed Shot,Jump Shot,0,235
41100141,249,PT00M00.00S,2,1610612762,UTA,2572,Howard,J. Howard,0,0,0,,0,0.0,0.0,0,v,Howard REBOUND (Off:1 Def:3),Rebound,Unknown,0,236
41100141,250,PT00M00.00S,2,0,,0,,,0,0,0,,0,54.0,47.0,101,,End of 2nd Period (2:15 PM EST),period,end,0,237
41100141,252,PT12M00.00S,3,0,,0,,,0,0,0,,0,54.0,47.0,101,,Start of 3rd Period (2:33 PM EST),period,start,0,238
41100141,253,PT11M45.00S,3,1610612759,SAS,201980,Green,D. Green,0,0,0,,0,0.0,0.0,0,h,Green S.FOUL (P1.T1),Foul,Shooting,0,239
41100141,254,PT11M45.00S,3,1610612762,UTA,202330,Hayward,G. Hayward,0,0,0,,0,54.0,48.0,102,v,Hayward Free Throw 1 of 2 (7 PTS),Free Throw,Free Throw 1 of 2,0,240
41100141,256,PT11M45.00S,3,1610612762,UTA,202330,Hayward,G. Hayward,0,0,0,,0,54.0,49.0,103,v,Hayward Free Throw 2 of 2 (8 PTS),Free Throw,Free Throw 2 of 2,0,241
41100141,258,PT11M32.00S,3,1610612759,SAS,2225,Parker,T. Parker,-98,39,11,Missed,1,0.0,0.0,0,h,MISS Parker 11' Jump Bank Shot,Missed Shot,Jump Bank Shot,0,242
41100141,259,PT11M29.00S,3,1610612759,SAS,2225,Parker,T. Parker,0,0,0,,0,0.0,0.0,0,h,Parker REBOUND (Off:1 Def:3),Rebound,Unknown,0,243
41100141,260,PT11M15.00S,3,1610612759,SAS,2564,Diaw,B. Diaw,2,14,1,Made,1,56.0,49.0,105,h,Diaw 1' Layup (9 PTS),Made Shot,Layup Shot,0,244
41100141,261,PT10M50.00S,3,1610612762,UTA,2734,Harris,D. Harris,-13,249,25,Missed,1,0.0,0.0,0,v,MISS Harris 25' 3PT Jump Shot,Missed Shot,Jump Shot,0,245
41100141,262,PT10M48.00S,3,1610612759,SAS,202695,Leonard,K. Leonard,0,0,0,,0,0.0,0.0,0,h,Leonard REBOUND (Off:0 Def:2),Rebound,Unknown,0,246
41100141,263,PT10M38.00S,3,1610612759,SAS,1495,Duncan,T. Duncan,-86,178,20,Missed,1,0.0,0.0,0,h,MISS Duncan 20' Jump Shot,Missed Shot,Jump Shot,0,247
41100141,264,PT10M36.00S,3,1610612762,UTA,200794,Millsap,P. Millsap,0,0,0,,0,0.0,0.0,0,v,Millsap REBOUND (Off:1 Def:5),Rebound,Unknown,0,248
41100141,265,PT10M30.00S,3,1610612762,UTA,2734,Harris,D. Harris,0,9,1,Made,1,56.0,51.0,107,v,Harris 1' Layup (7 PTS),Made Shot,Layup Shot,0,249
41100141,266,PT10M12.00S,3,1610612759,SAS,202695,Leonard,K. Leonard,144,201,25,Missed,1,0.0,0.0,0,h,MISS Leonard 25' 3PT Jump Shot,Missed Shot,Jump Shot,0,250
41100141,267,PT10M10.00S,3,1610612762,UTA,2744,Jefferson,A. Jefferson,0,0,0,,0,0.0,0.0,0,v,Jefferson REBOUND (Off:1 Def:3),Rebound,Unknown,0,251
41100141,268,PT10M06.00S,3,1610612762,UTA,2734,Harris,D. Harris,0,0,0,,0,0.0,0.0,0,v,Harris Offensive Charge Foul (P2.T1),Foul,Offensive Charge,0,252
41100141,269,PT10M06.00S,3,1610612762,UTA,2734,Harris,D. Harris,0,0,0,,0,0.0,0.0,0,v,Harris Foul Turnover (P2.T8),Turnover,Foul,0,253
41100141,270,PT09M51.00S,3,1610612759,SAS,1495,Duncan,T. Duncan,18,178,18,Missed,1,0.0,0.0,0,h,MISS Duncan 18' Jump Shot,Missed Shot,Jump Shot,0,254
41100141,271,PT09M50.00S,3,1610612762,UTA,2744,Jefferson,A. Jefferson,0,0,0,,0,0.0,0.0,0,v,Jefferson REBOUND (Off:1 Def:4),Rebound,Unknown,0,255
41100141,272,PT09M28.00S,3,1610612762,UTA,2734,Harris,D. Harris,-105,121,16,Missed,1,0.0,0.0,0,v,MISS Harris 16' Turnaround Jump Shot,Missed Shot,Turnaround Jump Shot,0,256
41100141,273,PT09M25.00S,3,1610612762,UTA,2744,Jefferson,A. Jefferson,0,0,0,,0,0.0,0.0,0,v,Jefferson REBOUND (Off:2 Def:4),Rebound,Unknown,0,257
41100141,274,PT09M16.00S,3,1610612762,UTA,2744,Jefferson,A. Jefferson,18,9,2,Missed,1,0.0,0.0,0,v,MISS Jefferson 2' Layup,Missed Shot,Layup Shot,0,258
41100141,275,PT09M14.00S,3,1610612759,SAS,1495,Duncan,T. Duncan,0,0,0,,0,0.0,0.0,0,h,Duncan REBOUND (Off:4 Def:4),Rebound,Unknown,0,259
41100141,276,PT09M09.00S,3,1610612762,UTA,200794,Millsap,P. Millsap,0,0,0,,0,0.0,0.0,0,v,Millsap S.FOUL (P3.T2),Foul,Shooting,0,260
41100141,277,PT09M09.00S,3,1610612759,SAS,1495,Duncan,T. Duncan,0,0,0,,0,0.0,0.0,0,h,MISS Duncan Free Throw 1 of 2,Free Throw,Free Throw 1 of 2,0,261
41100141,278,PT09M09.00S,3,0,,1610612759,,,0,0,0,,0,0.0,0.0,0,h,SPURS Rebound,Rebound,Normal Rebound,0,262
41100141,279,PT09M09.00S,3,1610612759,SAS,1495,Duncan,T. Duncan,0,0,0,,0,57.0,51.0,108,h,Duncan Free Throw 2 of 2 (8 PTS),Free Throw,Free Throw 2 of 2,0,263
41100141,281,PT08M52.00S,3,1610612762,UTA,2734,Harris,D. Harris,-114,124,17,Missed,1,0.0,0.0,0,v,MISS Harris 17' Jump Shot,Missed Shot,Jump Shot,0,264
41100141,282,PT08M50.00S,3,1610612759,SAS,1495,Duncan,T. Duncan,0,0,0,,0,0.0,0.0,0,h,Duncan REBOUND (Off:4 Def:5),Rebound,Unknown,0,265
41100141,283,PT08M43.00S,3,1610612759,SAS,2225,Parker,T. Parker,6,11,1,Made,1,59.0,51.0,110,h,Parker 1' Reverse Layup (18 PTS),Made Shot,Reverse Layup Shot,0,266
41100141,284,PT08M29.00S,3,1610612759,SAS,201980,Green,D. Green,0,0,0,,0,0.0,0.0,0,h,Green Shooting Block Foul (P2.T2),Foul,Shooting Block,0,267
41100141,285,PT08M29.00S,3,1610612762,UTA,202330,Hayward,G. Hayward,0,0,0,,0,59.0,52.0,111,v,Hayward Free Throw 1 of 2 (9 PTS),Free Throw,Free Throw 1 of 2,0,268
41100141,287,PT08M29.00S,3,1610612762,UTA,202330,Hayward,G. Hayward,0,0,0,,0,59.0,53.0,112,v,Hayward Free Throw 2 of 2 (10 PTS),Free Throw,Free Throw 2 of 2,0,269
41100141,289,PT08M12.00S,3,1610612759,SAS,1495,Duncan,T. Duncan,45,61,8,Made,1,61.0,53.0,114,h,Duncan 8' Jump Shot (10 PTS),Made Shot,Jump Shot,0,270
41100141,290,PT08M12.00S,3,1610612762,UTA,2744,Jefferson,A. Jefferson,0,0,0,,0,0.0,0.0,0,v,Jefferson S.FOUL (P3.T3),Foul,Shooting,0,271
41100141,291,PT08M12.00S,3,1610612759,SAS,1495,Duncan,T. Duncan,0,0,0,,0,62.0,53.0,115,h,Duncan Free Throw 1 of 1 (11 PTS),Free Throw,Free Throw 1 of 1,0,272
41100141,294,PT07M49.00S,3,1610612762,UTA,200794,Millsap,P. Millsap,9,0,1,Made,1,62.0,55.0,117,v,Millsap 1' Reverse Layup (13 PTS) (Jefferson 2 AST),Made Shot,Reverse Layup Shot,0,273
41100141,295,PT07M30.00S,3,1610612759,SAS,201980,Green,D. Green,114,228,25,Missed,1,0.0,0.0,0,h,MISS Green 25' 3PT Jump Shot,Missed Shot,Jump Shot,0,274
41100141,296,PT07M28.00S,3,1610612762,UTA,2744,Jefferson,A. Jefferson,0,0,0,,0,0.0,0.0,0,v,Jefferson REBOUND (Off:2 Def:5),Rebound,Unknown,0,275
41100141,297,PT07M19.00S,3,1610612762,UTA,2734,Harris,D. Harris,0,0,0,,0,0.0,0.0,0,v,Harris Bad Pass Turnover (P3.T9),Turnover,Bad Pass,0,276
41100141,297,PT07M19.00S,3,1610612759,SAS,2564,Diaw,B. Diaw,0,0,0,,0,0.0,0.0,0,h,Diaw STEAL (1 STL),,,0,277
41100141,298,PT07M15.00S,3,1610612762,UTA,2572,Howard,J. Howard,0,0,0,,0,0.0,0.0,0,v,Howard S.FOUL (P1.T4),Foul,Shooting,0,278
41100141,299,PT07M15.00S,3,1610612759,SAS,202695,Leonard,K. Leonard,0,0,0,,0,63.0,55.0,118,h,Leonard Free Throw 1 of 2 (3 PTS),Free Throw,Free Throw 1 of 2,0,279
41100141,301,PT07M15.00S,3,1610612759,SAS,202695,Leonard,K. Leonard,0,0,0,,0,64.0,55.0,119,h,Leonard Free Throw 2 of 2 (4 PTS),Free Throw,Free Throw 2 of 2,0,280
41100141,303,PT06M58.00S,3,1610612762,UTA,2734,Harris,D. Harris,0,0,0,,0,0.0,0.0,0,v,Harris Bad Pass Turnover (P4.T10),Turnover,Bad Pass,0,281
41100141,303,PT06M58.00S,3,1610612759,SAS,202695,Leonard,K. Leonard,0,0,0,,0,0.0,0.0,0,h,Leonard STEAL (2 STL),,,0,282
41100141,304,PT06M54.00S,3,1610612759,SAS,201980,Green,D. Green,-5,-5,1,Made,1,66.0,55.0,121,h,Green 1' Layup (2 PTS) (Leonard 1 AST),Made Shot,Layup Shot,0,283
41100141,305,PT06M48.00S,3,0,,1610612762,,,0,0,0,,0,0.0,0.0,0,v,Jazz Timeout: Regular (Reg.3 Short 0),Timeout,Regular,0,284
41100141,306,PT06M48.00S,3,1610612762,UTA,2572,Howard,J. Howard,0,0,0,,0,0.0,0.0,0,v,SUB: Favors FOR Howard,Substitution,,0,285
41100141,307,PT06M48.00S,3,1610612759,SAS,201980,Green,D. Green,0,0,0,,0,0.0,0.0,0,h,SUB: Ginobili FOR Green,Substitution,,0,286
41100141,308,PT06M34.00S,3,1610612762,UTA,2744,Jefferson,A. Jefferson,-87,37,9,Made,1,66.0,57.0,123,v,Jefferson 9' Turnaround Jump Shot (10 PTS),Made Shot,Turnaround Jump Shot,0,287
41100141,309,PT06M13.00S,3,1610612759,SAS,2225,Parker,T. Parker,122,102,16,Missed,1,0.0,0.0,0,h,MISS Parker 16' Step Back Jump Shot,Missed Shot,Step Back Jump shot,0,288
41100141,310,PT06M12.00S,3,1610612762,UTA,2744,Jefferson,A. Jefferson,0,0,0,,0,0.0,0.0,0,v,Jefferson REBOUND (Off:2 Def:6),Rebound,Unknown,0,289
41100141,311,PT06M05.00S,3,1610612762,UTA,202330,Hayward,G. Hayward,187,168,25,Made,1,66.0,60.0,126,v,Hayward 25' 3PT Jump Shot (13 PTS) (Harris 2 AST),Made Shot,Jump Shot,0,290
41100141,312,PT05M48.00S,3,1610612759,SAS,202695,Leonard,K. Leonard,239,55,25,Missed,1,0.0,0.0,0,h,MISS Leonard 25' 3PT Jump Shot,Missed Shot,Jump Shot,0,291
41100141,313,PT05M46.00S,3,1610612762,UTA,2734,Harris,D. Harris,0,0,0,,0,0.0,0.0,0,v,Harris REBOUND (Off:0 Def:3),Rebound,Unknown,0,292
41100141,314,PT05M44.00S,3,1610612759,SAS,1938,Ginobili,M. Ginobili,0,0,0,,0,0.0,0.0,0,h,Ginobili S.FOUL (P1.T3),Foul,Shooting,0,293
41100141,315,PT05M44.00S,3,1610612762,UTA,200794,Millsap,P. Millsap,0,0,0,,0,0.0,0.0,0,v,MISS Millsap Free Throw 1 of 2,Free Throw,Free Throw 1 of 2,0,294
41100141,316,PT05M44.00S,3,0,,1610612762,,,0,0,0,,0,0.0,0.0,0,v,Jazz Rebound,Rebound,Normal Rebound,0,295
41100141,317,PT05M44.00S,3,1610612762,UTA,200794,Millsap,P. Millsap,0,0,0,,0,66.0,61.0,127,v,Millsap Free Throw 2 of 2 (14 PTS),Free Throw,Free Throw 2 of 2,0,296
41100141,319,PT05M25.00S,3,1610612759,SAS,1495,Duncan,T. Duncan,-8,19,2,Made,1,68.0,61.0,129,h,Duncan 2' Driving Dunk (13 PTS),Made Shot,Driving Dunk Shot,0,297
41100141,320,PT05M05.00S,3,1610612762,UTA,2744,Jefferson,A. Jefferson,-56,36,7,Missed,1,0.0,0.0,0,v,MISS Jefferson 7' Jump Shot,Missed Shot,Jump Shot,0,298
41100141,321,PT05M03.00S,3,1610612762,UTA,202324,Favors,D. Favors,0,0,0,,0,0.0,0.0,0,v,Favors REBOUND (Off:1 Def:1),Rebound,Unknown,0,299
41100141,322,PT05M03.00S,3,1610612759,SAS,202695,Leonard,K. Leonard,0,0,0,,0,0.0,0.0,0,h,Leonard S.FOUL (P1.T4),Foul,Shooting,0,300
41100141,323,PT05M03.00S,3,1610612762,UTA,202324,Favors,D. Favors,0,0,0,,0,0.0,0.0,0,v,MISS Favors Free Throw 1 of 2,Free Throw,Free Throw 1 of 2,0,301
41100141,324,PT05M03.00S,3,0,,1610612762,,,0,0,0,,0,0.0,0.0,0,v,Jazz Rebound,Rebound,Normal Rebound,0,302
41100141,325,PT05M03.00S,3,1610612762,UTA,202324,Favors,D. Favors,0,0,0,,0,68.0,62.0,130,v,Favors Free Throw 2 of 2 (7 PTS),Free Throw,Free Throw 2 of 2,0,303
41100141,327,PT04M43.00S,3,1610612759,SAS,1495,Duncan,T. Duncan,-35,48,6,Made,1,70.0,62.0,132,h,Duncan 6' Running Hook Shot (15 PTS),Made Shot,Running Hook Shot,0,304
41100141,328,PT04M20.00S,3,1610612762,UTA,2734,Harris,D. Harris,0,0,0,,0,0.0,0.0,0,v,Harris Bad Pass Turnover (P5.T11),Turnover,Bad Pass,0,305
41100141,328,PT04M20.00S,3,1610612759,SAS,1495,Duncan,T. Duncan,0,0,0,,0,0.0,0.0,0,h,Duncan STEAL (2 STL),,,0,306
41100141,329,PT04M03.00S,3,1610612762,UTA,2734,Harris,D. Harris,0,0,0,,0,0.0,0.0,0,v,Harris S.FOUL (P3.PN),Foul,Shooting,0,307
41100141,330,PT04M03.00S,3,1610612759,SAS,2225,Parker,T. Parker,0,0,0,,0,71.0,62.0,133,h,Parker Free Throw 1 of 2 (19 PTS),Free Throw,Free Throw 1 of 2,0,308
41100141,332,PT04M03.00S,3,1610612759,SAS,2564,Diaw,B. Diaw,0,0,0,,0,0.0,0.0,0,h,SUB: Bonner FOR Diaw,Substitution,,0,309
41100141,333,PT04M03.00S,3,1610612759,SAS,202695,Leonard,K. Leonard,0,0,0,,0,0.0,0.0,0,h,SUB: Jackson FOR Leonard,Substitution,,0,310
41100141,334,PT04M03.00S,3,1610612762,UTA,2734,Harris,D. Harris,0,0,0,,0,0.0,0.0,0,v,SUB: Tinsley FOR Harris,Substitution,,0,311
41100141,335,PT04M03.00S,3,1610612759,SAS,2225,Parker,T. Parker,0,0,0,,0,72.0,62.0,134,h,Parker Free Throw 2 of 2 (20 PTS),Free Throw,Free Throw 2 of 2,0,312
41100141,337,PT03M47.00S,3,1610612762,UTA,2224,Tinsley,J. Tinsley,2,19,2,Made,1,72.0,64.0,136,v,Tinsley 2' Layup (4 PTS) (Jefferson 3 AST),Made Shot,Layup Shot,0,313
41100141,338,PT03M46.00S,3,0,,1610612759,,,0,0,0,,0,0.0,0.0,0,h,SPURS Timeout: Regular (Full 3 Short 1),Timeout,Regular,0,314
41100141,340,PT03M46.00S,3,1610612759,SAS,2225,Parker,T. Parker,0,0,0,,0,0.0,0.0,0,h,SUB: Neal FOR Parker,Substitution,,0,315
41100141,341,PT03M28.00S,3,1610612759,SAS,1495,Duncan,T. Duncan,1,1,0,Made,1,74.0,64.0,138,h,Duncan  Layup (17 PTS) (Ginobili 2 AST),Made Shot,Layup Shot,0,316
41100141,342,PT03M09.00S,3,1610612762,UTA,2744,Jefferson,A. Jefferson,0,0,0,,0,0.0,0.0,0,v,Jefferson OFF.Foul (P4),Foul,Offensive,0,317
41100141,343,PT03M09.00S,3,1610612762,UTA,2744,Jefferson,A. Jefferson,0,0,0,,0,0.0,0.0,0,v,Jefferson Foul Turnover (P1.T12),Turnover,Foul,0,318
41100141,344,PT03M09.00S,3,1610612759,SAS,1495,Duncan,T. Duncan,0,0,0,,0,0.0,0.0,0,h,SUB: Blair FOR Duncan,Substitution,,0,319
41100141,345,PT03M09.00S,3,1610612762,UTA,2744,Jefferson,A. Jefferson,0,0,0,,0,0.0,0.0,0,v,SUB: Carroll FOR Jefferson,Substitution,,0,320
41100141,346,PT02M56.00S,3,1610612759,SAS,1938,Ginobili,M. Ginobili,-7,11,1,Missed,1,0.0,0.0,0,h,MISS Ginobili 1' Layup,Missed Shot,Layup Shot,0,321
41100141,347,PT02M55.00S,3,1610612762,UTA,202324,Favors,D. Favors,0,0,0,,0,0.0,0.0,0,v,Favors REBOUND (Off:1 Def:2),Rebound,Unknown,0,322
41100141,348,PT02M50.00S,3,1610612762,UTA,200794,Millsap,P. Millsap,13,0,1,Missed,1,0.0,0.0,0,v,MISS Millsap 1' Layup,Missed Shot,Layup Shot,0,323
41100141,350,PT02M49.00S,3,1610612762,UTA,200794,Millsap,P. Millsap,0,0,0,,0,0.0,0.0,0,v,Millsap REBOUND (Off:2 Def:5),Rebound,Unknown,0,324
41100141,349,PT02M48.00S,3,1610612762,UTA,200794,Millsap,P. Millsap,1,12,1,Made,1,74.0,66.0,140,v,Millsap 1' Layup (16 PTS),Made Shot,Layup Shot,0,325
41100141,351,PT02M24.00S,3,1610612759,SAS,202390,Neal,G. Neal,237,41,24,Made,1,77.0,66.0,143,h,Neal 24' 3PT Jump Shot (5 PTS) (Jackson 1 AST),Made Shot,Jump Shot,0,326
41100141,352,PT01M56.00S,3,1610612762,UTA,201960,Carroll,D. Carroll,230,72,24,Missed,1,0.0,0.0,0,v,MISS Carroll 24' 3PT Jump Shot,Missed Shot,Jump Shot,0,327
41100141,353,PT01M55.00S,3,1610612762,UTA,200794,Millsap,P. Millsap,0,0,0,,0,0.0,0.0,0,v,Millsap REBOUND (Off:3 Def:5),Rebound,Unknown,0,328
41100141,354,PT01M50.00S,3,1610612762,UTA,200794,Millsap,P. Millsap,0,0,0,,0,0.0,0.0,0,v,Millsap Bad Pass Turnover (P3.T13),Turnover,Bad Pass,0,329
41100141,354,PT01M50.00S,3,1610612759,SAS,201971,Blair,D. Blair,0,0,0,,0,0.0,0.0,0,h,Blair STEAL (1 STL),,,0,330
41100141,355,PT01M38.00S,3,1610612759,SAS,201971,Blair,D. Blair,-7,17,2,Made,1,79.0,66.0,145,h,Blair 2' Layup (2 PTS) (Ginobili 3 AST),Made Shot,Layup Shot,0,331
41100141,357,PT01M16.00S,3,1610612759,SAS,1536,Jackson,S. Jackson,0,0,0,,0,0.0,0.0,0,h,Jackson P.FOUL (P2.PN),Foul,Personal,0,332
41100141,358,PT01M16.00S,3,1610612762,UTA,202324,Favors,D. Favors,0,0,0,,0,0.0,0.0,0,v,MISS Favors Free Throw 1 of 2,Free Throw,Free Throw 1 of 2,0,333
41100141,359,PT01M16.00S,3,0,,1610612762,,,0,0,0,,0,0.0,0.0,0,v,Jazz Rebound,Rebound,Normal Rebound,0,334
41100141,360,PT01M16.00S,3,1610612762,UTA,202324,Favors,D. Favors,0,0,0,,0,0.0,0.0,0,v,MISS Favors Free Throw 2 of 2,Free Throw,Free Throw 2 of 2,0,335
41100141,362,PT01M14.00S,3,1610612759,SAS,2588,Bonner,M. Bonner,0,0,0,,0,0.0,0.0,0,h,Bonner REBOUND (Off:1 Def:2),Rebound,Unknown,0,336
41100141,363,PT01M05.00S,3,1610612759,SAS,1938,Ginobili,M. Ginobili,0,0,0,,0,0.0,0.0,0,h,Ginobili Lost Ball Turnover (P2.T6),Turnover,Lost Ball,0,337
41100141,363,PT01M05.00S,3,1610612762,UTA,202330,Hayward,G. Hayward,0,0,0,,0,0.0,0.0,0,v,Hayward STEAL (2 STL),,,0,338
41100141,364,PT01M01.00S,3,1610612759,SAS,202390,Neal,G. Neal,0,0,0,,0,0.0,0.0,0,h,Neal S.FOUL (P3.PN),Foul,Shooting,0,339
41100141,365,PT01M01.00S,3,1610612762,UTA,202330,Hayward,G. Hayward,0,0,0,,0,79.0,67.0,146,v,Hayward Free Throw 1 of 2 (14 PTS),Free Throw,Free Throw 1 of 2,0,340
41100141,367,PT01M01.00S,3,1610612759,SAS,1938,Ginobili,M. Ginobili,0,0,0,,0,0.0,0.0,0,h,SUB: Parker FOR Ginobili,Substitution,,0,341
41100141,368,PT01M01.00S,3,1610612762,UTA,202330,Hayward,G. Hayward,0,0,0,,0,79.0,68.0,147,v,Hayward Free Throw 2 of 2 (15 PTS),Free Throw,Free Throw 2 of 2,0,342
41100141,370,PT00M48.90S,3,1610612759,SAS,1536,Jackson,S. Jackson,-218,119,25,Made,1,82.0,68.0,150,h,Jackson 25' 3PT Jump Shot (10 PTS) (Parker 7 AST),Made Shot,Jump Shot,0,343
41100141,371,PT00M29.80S,3,1610612762,UTA,200794,Millsap,P. Millsap,-56,172,18,Made,1,82.0,70.0,152,v,Millsap 18' Jump Shot (18 PTS) (Tinsley 5 AST),Made Shot,Jump Shot,0,344
41100141,372,PT00M10.90S,3,1610612759,SAS,2588,Bonner,M. Bonner,195,159,25,Made,1,85.0,70.0,155,h,Bonner 25' 3PT Jump Shot (6 PTS) (Parker 8 AST),Made Shot,Jump Shot,0,345
41100141,373,PT00M00.30S,3,1610612762,UTA,2224,Tinsley,J. Tinsley,7,12,1,Missed,1,0.0,0.0,0,v,MISS Tinsley 1' Layup,Missed Shot,Layup Shot,0,346
41100141,374,PT00M00.00S,3,1610612762,UTA,202324,Favors,D. Favors,0,0,0,,0,0.0,0.0,0,v,Favors REBOUND (Off:2 Def:2),Rebound,Unknown,0,347
41100141,377,PT00M00.00S,3,0,,0,,,0,0,0,,0,85.0,70.0,155,,Instant Replay3rd Period (3:02 PM EST),Instant Replay,Support Ruling,0,348
41100141,375,PT00M00.00S,3,0,,0,,,0,0,0,,0,85.0,70.0,155,,End of 3rd Period (3:02 PM EST),period,end,0,349
41100141,378,PT12M00.00S,4,0,,0,,,0,0,0,,0,85.0,70.0,155,,Start of 4th Period (3:05 PM EST),period,start,0,350
41100141,379,PT11M47.00S,4,1610612759,SAS,201971,Blair,D. Blair,-11,-3,1,Missed,1,0.0,0.0,0,h,MISS Blair 1' Layup,Missed Shot,Layup Shot,0,351
41100141,380,PT11M46.00S,4,1610612762,UTA,201960,Carroll,D. Carroll,0,0,0,,0,0.0,0.0,0,v,Carroll REBOUND (Off:1 Def:3),Rebound,Unknown,0,352
41100141,381,PT11M22.00S,4,1610612762,UTA,201960,Carroll,D. Carroll,-127,12,13,Missed,1,0.0,0.0,0,v,MISS Carroll 13' Step Back Jump Shot,Missed Shot,Step Back Jump shot,0,353
41100141,382,PT11M19.00S,4,1610612759,SAS,201971,Blair,D. Blair,0,0,0,,0,0.0,0.0,0,h,Blair REBOUND (Off:0 Def:1),Rebound,Unknown,0,354
41100141,383,PT11M13.00S,4,1610612762,UTA,201960,Carroll,D. Carroll,0,0,0,,0,0.0,0.0,0,v,Carroll P.FOUL (P2.T1),Foul,Personal,0,355
41100141,384,PT11M04.00S,4,1610612759,SAS,201971,Blair,D. Blair,4,12,1,Missed,1,0.0,0.0,0,h,MISS Blair 1' Layup,Missed Shot,Layup Shot,0,356
41100141,385,PT11M02.00S,4,1610612762,UTA,202324,Favors,D. Favors,0,0,0,,0,0.0,0.0,0,v,Favors REBOUND (Off:2 Def:3),Rebound,Unknown,0,357
41100141,386,PT10M56.00S,4,1610612762,UTA,2224,Tinsley,J. Tinsley,-23,48,5,Made,1,85.0,72.0,157,v,Tinsley 5' Driving Jump Shot (6 PTS),Made Shot,Driving Jump shot,0,358
41100141,387,PT10M34.00S,4,1610612759,SAS,1536,Jackson,S. Jackson,234,3,0,Missed,1,0.0,0.0,0,h,MISS Jackson  3PT Jump Shot,Missed Shot,Jump Shot,0,359
41100141,388,PT10M32.00S,4,1610612762,UTA,202330,Hayward,G. Hayward,0,0,0,,0,0.0,0.0,0,v,Hayward REBOUND (Off:1 Def:2),Rebound,Unknown,0,360
41100141,389,PT10M17.00S,4,1610612762,UTA,202683,Freedom,E. Freedom,-67,56,9,Missed,1,0.0,0.0,0,v,MISS Kanter 9' Jump Shot,Missed Shot,Jump Shot,0,361
41100141,390,PT10M16.00S,4,1610612759,SAS,201971,Blair,D. Blair,0,0,0,,0,0.0,0.0,0,h,Blair REBOUND (Off:0 Def:2),Rebound,Unknown,0,362
41100141,391,PT10M11.00S,4,1610612759,SAS,202390,Neal,G. Neal,-56,56,8,Missed,1,0.0,0.0,0,h,MISS Neal 8' Jump Shot,Missed Shot,Jump Shot,0,363
41100141,392,PT10M08.00S,4,1610612762,UTA,202324,Favors,D. Favors,0,0,0,,0,0.0,0.0,0,v,Favors REBOUND (Off:2 Def:4),Rebound,Unknown,0,364
41100141,393,PT10M03.00S,4,1610612762,UTA,201960,Carroll,D. Carroll,-5,4,1,Made,1,85.0,74.0,159,v,Carroll 1' Layup (7 PTS),Made Shot,Layup Shot,0,365
41100141,394,PT09M44.00S,4,1610612759,SAS,2225,Parker,T. Parker,-4,7,1,Made,1,87.0,74.0,161,h,Parker 1' Layup (22 PTS),Made Shot,Layup Shot,0,366
41100141,395,PT09M44.00S,4,1610612762,UTA,202683,Freedom,E. Freedom,0,0,0,,0,0.0,0.0,0,v,Kanter S.FOUL (P2.T2),Foul,Shooting,0,367
41100141,396,PT09M44.00S,4,1610612762,UTA,202330,Hayward,G. Hayward,0,0,0,,0,0.0,0.0,0,v,SUB: Burks FOR Hayward,Substitution,,0,368
41100141,397,PT09M44.00S,4,1610612759,SAS,2225,Parker,T. Parker,0,0,0,,0,88.0,74.0,162,h,Parker Free Throw 1 of 1 (23 PTS),Free Throw,Free Throw 1 of 1,0,369
41100141,401,PT09M34.00S,4,1610612759,SAS,202390,Neal,G. Neal,0,0,0,,0,0.0,0.0,0,h,Neal P.FOUL (P4.T1),Foul,Personal,0,370
41100141,402,PT09M25.00S,4,1610612762,UTA,2224,Tinsley,J. Tinsley,-133,47,14,Missed,1,0.0,0.0,0,v,MISS Tinsley 14' Jump Shot,Missed Shot,Jump Shot,0,371
41100141,403,PT09M23.00S,4,1610612759,SAS,1536,Jackson,S. Jackson,0,0,0,,0,0.0,0.0,0,h,Jackson REBOUND (Off:1 Def:2),Rebound,Unknown,0,372
41100141,404,PT09M15.00S,4,1610612759,SAS,2225,Parker,T. Parker,9,1,1,Missed,1,0.0,0.0,0,h,MISS Parker 1' Layup,Missed Shot,Layup Shot,0,373
41100141,404,PT09M15.00S,4,1610612762,UTA,202683,Freedom,E. Freedom,0,0,0,,0,0.0,0.0,0,v,Kanter BLOCK (1 BLK),,,0,374
41100141,405,PT09M15.00S,4,0,,1610612759,,,0,0,0,,0,0.0,0.0,0,h,SPURS Rebound,Rebound,Unknown,0,375
41100141,406,PT09M15.00S,4,0,,873,,,0,0,0,,0,0.0,0.0,0,,Gregg Popovich Foul:T.FOUL,Foul,Technical,0,376
41100141,407,PT09M15.00S,4,1610612762,UTA,202692,Burks,A. Burks,0,0,0,,0,88.0,75.0,163,v,Burks Free Throw Technical (5 PTS),Free Throw,Free Throw Technical,0,377
41100141,409,PT09M12.00S,4,1610612759,SAS,202390,Neal,G. Neal,143,0,14,Missed,1,0.0,0.0,0,h,MISS Neal 14' Jump Shot,Missed Shot,Jump Shot,0,378
41100141,410,PT09M10.00S,4,1610612762,UTA,202324,Favors,D. Favors,0,0,0,,0,0.0,0.0,0,v,Favors REBOUND (Off:2 Def:5),Rebound,Unknown,0,379
41100141,411,PT09M04.00S,4,1610612762,UTA,2224,Tinsley,J. Tinsley,125,26,13,Missed,1,0.0,0.0,0,v,MISS Tinsley 13' Jump Shot,Missed Shot,Jump Shot,0,380
41100141,413,PT09M03.00S,4,1610612762,UTA,202683,Freedom,E. Freedom,0,0,0,,0,0.0,0.0,0,v,Kanter REBOUND (Off:1 Def:0),Rebound,Unknown,0,381
41100141,412,PT09M03.00S,4,1610612762,UTA,202683,Freedom,E. Freedom,0,-2,0,Missed,1,0.0,0.0,0,v,MISS Kanter  Layup,Missed Shot,Layup Shot,0,382
41100141,414,PT09M01.00S,4,1610612759,SAS,1536,Jackson,S. Jackson,0,0,0,,0,0.0,0.0,0,h,Jackson REBOUND (Off:1 Def:3),Rebound,Unknown,0,383
41100141,415,PT08M58.00S,4,1610612759,SAS,2225,Parker,T. Parker,0,0,0,,0,0.0,0.0,0,h,Parker Bad Pass Turnover (P2.T7),Turnover,Bad Pass,0,384
41100141,415,PT08M58.00S,4,1610612762,UTA,2224,Tinsley,J. Tinsley,0,0,0,,0,0.0,0.0,0,v,Tinsley STEAL (1 STL),,,0,385
41100141,416,PT08M44.00S,4,1610612759,SAS,201971,Blair,D. Blair,0,0,0,,0,0.0,0.0,0,h,Blair S.FOUL (P1.T2),Foul,Shooting,0,386
41100141,417,PT08M44.00S,4,0,,0,,,0,0,0,,0,0.0,0.0,0,,Timeout: Official,Timeout,Official,0,387
41100141,419,PT08M44.00S,4,1610612762,UTA,202683,Freedom,E. Freedom,0,0,0,,0,0.0,0.0,0,v,SUB: Jefferson FOR Kanter,Substitution,,0,388
41100141,420,PT08M44.00S,4,1610612762,UTA,202324,Favors,D. Favors,0,0,0,,0,0.0,0.0,0,v,SUB: Millsap FOR Favors,Substitution,,0,389
41100141,421,PT08M44.00S,4,1610612762,UTA,202692,Burks,A. Burks,0,0,0,,0,0.0,0.0,0,v,MISS Burks Free Throw 1 of 2,Free Throw,Free Throw 1 of 2,0,390
41100141,422,PT08M44.00S,4,0,,1610612762,,,0,0,0,,0,0.0,0.0,0,v,Jazz Rebound,Rebound,Normal Rebound,0,391
41100141,423,PT08M44.00S,4,1610612762,UTA,202692,Burks,A. Burks,0,0,0,,0,88.0,76.0,164,v,Burks Free Throw 2 of 2 (6 PTS),Free Throw,Free Throw 2 of 2,0,392
41100141,425,PT08M31.00S,4,1610612762,UTA,2224,Tinsley,J. Tinsley,0,0,0,,0,0.0,0.0,0,v,Tinsley P.FOUL (P2.T3),Foul,Personal,0,393
41100141,426,PT08M31.00S,4,1610612759,SAS,202390,Neal,G. Neal,0,0,0,,0,0.0,0.0,0,h,SUB: Ginobili FOR Neal,Substitution,,0,394
41100141,427,PT08M22.00S,4,1610612759,SAS,2588,Bonner,M. Bonner,-7,67,7,Missed,1,0.0,0.0,0,h,MISS Bonner 7' Running Jump Shot,Missed Shot,Running Jump Shot,0,395
41100141,428,PT08M19.00S,4,1610612759,SAS,1938,Ginobili,M. Ginobili,0,0,0,,0,0.0,0.0,0,h,Ginobili REBOUND (Off:1 Def:1),Rebound,Unknown,0,396
41100141,430,PT08M12.00S,4,1610612762,UTA,201960,Carroll,D. Carroll,0,0,0,,0,0.0,0.0,0,v,Carroll S.FOUL (P3.T4),Foul,Shooting,0,397
41100141,431,PT08M12.00S,4,1610612759,SAS,201971,Blair,D. Blair,0,0,0,,0,0.0,0.0,0,h,MISS Blair Free Throw 1 of 2,Free Throw,Free Throw 1 of 2,0,398
41100141,432,PT08M12.00S,4,0,,1610612759,,,0,0,0,,0,0.0,0.0,0,h,SPURS Rebound,Rebound,Normal Rebound,0,399
41100141,433,PT08M12.00S,4,1610612759,SAS,201971,Blair,D. Blair,0,0,0,,0,89.0,76.0,165,h,Blair Free Throw 2 of 2 (3 PTS),Free Throw,Free Throw 2 of 2,0,400
41100141,435,PT08M00.00S,4,1610612762,UTA,2744,Jefferson,A. Jefferson,-16,9,2,Made,1,89.0,78.0,167,v,Jefferson 2' Layup (12 PTS) (Carroll 1 AST),Made Shot,Layup Shot,0,401
41100141,436,PT08M00.00S,4,1610612759,SAS,201971,Blair,D. Blair,0,0,0,,0,0.0,0.0,0,h,Blair S.FOUL (P2.T3),Foul,Shooting,0,402
41100141,437,PT08M00.00S,4,1610612762,UTA,2744,Jefferson,A. Jefferson,0,0,0,,0,0.0,0.0,0,v,MISS Jefferson Free Throw 1 of 1,Free Throw,Free Throw 1 of 1,0,403
41100141,440,PT07M57.00S,4,1610612762,UTA,200794,Millsap,P. Millsap,0,0,0,,0,0.0,0.0,0,v,Millsap REBOUND (Off:4 Def:5),Rebound,Unknown,0,404
41100141,439,PT07M57.00S,4,1610612762,UTA,200794,Millsap,P. Millsap,-5,7,1,Missed,1,0.0,0.0,0,v,MISS Millsap 1' Layup,Missed Shot,Layup Shot,0,405
41100141,441,PT07M55.00S,4,1610612759,SAS,2588,Bonner,M. Bonner,0,0,0,,0,0.0,0.0,0,h,Bonner REBOUND (Off:1 Def:3),Rebound,Unknown,0,406
41100141,442,PT07M45.00S,4,1610612759,SAS,1938,Ginobili,M. Ginobili,0,0,0,,0,0.0,0.0,0,h,Ginobili Bad Pass Turnover (P3.T8),Turnover,Bad Pass,0,407
41100141,442,PT07M45.00S,4,1610612762,UTA,202692,Burks,A. Burks,0,0,0,,0,0.0,0.0,0,v,Burks STEAL (1 STL),,,0,408
41100141,443,PT07M42.00S,4,1610612759,SAS,201971,Blair,D. Blair,0,0,0,,0,0.0,0.0,0,h,Blair P.FOUL (P3.T4),Foul,Personal,0,409
41100141,444,PT07M42.00S,4,1610612759,SAS,201971,Blair,D. Blair,0,0,0,,0,0.0,0.0,0,h,SUB: Duncan FOR Blair,Substitution,,0,410
41100141,445,PT07M31.00S,4,1610612762,UTA,2224,Tinsley,J. Tinsley,-4,246,25,Made,1,89.0,81.0,170,v,Tinsley 25' 3PT Jump Shot (9 PTS) (Jefferson 4 AST),Made Shot,Jump Shot,0,411
41100141,446,PT07M20.00S,4,1610612759,SAS,2225,Parker,T. Parker,-11,3,1,Made,1,91.0,81.0,172,h,Parker 1' Layup (25 PTS) (Ginobili 4 AST),Made Shot,Layup Shot,0,412
41100141,447,PT07M05.00S,4,1610612762,UTA,2224,Tinsley,J. Tinsley,0,0,0,,0,0.0,0.0,0,v,Tinsley Bad Pass Turnover (P2.T14),Turnover,Bad Pass,0,413
41100141,447,PT07M05.00S,4,1610612759,SAS,2225,Parker,T. Parker,0,0,0,,0,0.0,0.0,0,h,Parker STEAL (1 STL),,,0,414
41100141,448,PT07M02.00S,4,1610612762,UTA,202692,Burks,A. Burks,0,0,0,,0,0.0,0.0,0,v,Burks S.FOUL (P1.PN),Foul,Shooting,0,415
41100141,449,PT07M02.00S,4,1610612759,SAS,2225,Parker,T. Parker,0,0,0,,0,0.0,0.0,0,h,MISS Parker Free Throw 1 of 2,Free Throw,Free Throw 1 of 2,0,416
41100141,450,PT07M02.00S,4,0,,1610612759,,,0,0,0,,0,0.0,0.0,0,h,SPURS Rebound,Rebound,Normal Rebound,0,417
41100141,451,PT07M02.00S,4,1610612759,SAS,2225,Parker,T. Parker,0,0,0,,0,92.0,81.0,173,h,Parker Free Throw 2 of 2 (26 PTS),Free Throw,Free Throw 2 of 2,0,418
41100141,453,PT06M39.00S,4,1610612762,UTA,202692,Burks,A. Burks,132,151,20,Missed,1,0.0,0.0,0,v,MISS Burks 20' Jump Shot,Missed Shot,Jump Shot,0,419
41100141,454,PT06M37.00S,4,1610612759,SAS,1938,Ginobili,M. Ginobili,0,0,0,,0,0.0,0.0,0,h,Ginobili REBOUND (Off:1 Def:2),Rebound,Unknown,0,420
41100141,455,PT06M26.00S,4,1610612759,SAS,2588,Bonner,M. Bonner,-196,151,25,Made,1,95.0,81.0,176,h,Bonner 25' 3PT Jump Shot (9 PTS) (Jackson 2 AST),Made Shot,Jump Shot,0,421
41100141,456,PT06M19.00S,4,0,,1610612762,,,0,0,0,,0,0.0,0.0,0,v,Jazz Timeout: Regular (Reg.4 Short 0),Timeout,Regular,0,422
41100141,458,PT06M19.00S,4,1610612759,SAS,2225,Parker,T. Parker,0,0,0,,0,0.0,0.0,0,h,SUB: Green FOR Parker,Substitution,,0,423
41100141,459,PT06M19.00S,4,1610612759,SAS,2588,Bonner,M. Bonner,0,0,0,,0,0.0,0.0,0,h,SUB: Diaw FOR Bonner,Substitution,,0,424
41100141,460,PT06M19.00S,4,1610612762,UTA,2224,Tinsley,J. Tinsley,0,0,0,,0,0.0,0.0,0,v,SUB: Harris FOR Tinsley,Substitution,,0,425
41100141,461,PT06M19.00S,4,1610612762,UTA,202692,Burks,A. Burks,0,0,0,,0,0.0,0.0,0,v,SUB: Favors FOR Burks,Substitution,,0,426
41100141,462,PT06M19.00S,4,1610612762,UTA,201960,Carroll,D. Carroll,0,0,0,,0,0.0,0.0,0,v,SUB: Hayward FOR Carroll,Substitution,,0,427
41100141,463,PT06M08.00S,4,1610612762,UTA,2744,Jefferson,A. Jefferson,155,9,16,Missed,1,0.0,0.0,0,v,MISS Jefferson 16' Jump Shot,Missed Shot,Jump Shot,0,428
41100141,464,PT06M06.00S,4,1610612759,SAS,201980,Green,D. Green,0,0,0,,0,0.0,0.0,0,h,Green REBOUND (Off:0 Def:2),Rebound,Unknown,0,429
41100141,465,PT05M53.00S,4,1610612759,SAS,1536,Jackson,S. Jackson,-15,1,2,Missed,1,0.0,0.0,0,h,MISS Jackson 2' Layup,Missed Shot,Layup Shot,0,430
41100141,465,PT05M53.00S,4,1610612762,UTA,200794,Millsap,P. Millsap,0,0,0,,0,0.0,0.0,0,v,Millsap BLOCK (3 BLK),,,0,431
41100141,466,PT05M50.00S,4,1610612762,UTA,2744,Jefferson,A. Jefferson,0,0,0,,0,0.0,0.0,0,v,Jefferson REBOUND (Off:2 Def:7),Rebound,Unknown,0,432
41100141,468,PT05M31.00S,4,1610612762,UTA,202330,Hayward,G. Hayward,185,154,24,Missed,1,0.0,0.0,0,v,MISS Hayward 24' 3PT Jump Shot,Missed Shot,Jump Shot,0,433
41100141,469,PT05M30.00S,4,0,,1610612759,,,0,0,0,,0,0.0,0.0,0,h,SPURS Rebound,Rebound,Unknown,0,434
41100141,470,PT05M14.00S,4,1610612759,SAS,1495,Duncan,T. Duncan,0,0,0,,0,0.0,0.0,0,h,Duncan Bad Pass Turnover (P1.T9),Turnover,Bad Pass,0,435
41100141,470,PT05M14.00S,4,1610612762,UTA,2744,Jefferson,A. Jefferson,0,0,0,,0,0.0,0.0,0,v,Jefferson STEAL (1 STL),,,0,436
41100141,471,PT04M53.00S,4,1610612762,UTA,2744,Jefferson,A. Jefferson,-52,58,8,Made,1,95.0,83.0,178,v,Jefferson 8' Turnaround Jump Shot (14 PTS),Made Shot,Turnaround Jump Shot,0,437
41100141,472,PT04M38.00S,4,1610612762,UTA,202324,Favors,D. Favors,0,0,0,,0,0.0,0.0,0,v,Favors S.FOUL (P2.PN),Foul,Shooting,0,438
41100141,473,PT04M38.00S,4,1610612759,SAS,1938,Ginobili,M. Ginobili,0,0,0,,0,0.0,0.0,0,h,MISS Ginobili Free Throw 1 of 2,Free Throw,Free Throw 1 of 2,0,439
41100141,474,PT04M38.00S,4,0,,1610612759,,,0,0,0,,0,0.0,0.0,0,h,SPURS Rebound,Rebound,Normal Rebound,0,440
41100141,475,PT04M38.00S,4,1610612759,SAS,1938,Ginobili,M. Ginobili,0,0,0,,0,96.0,83.0,179,h,Ginobili Free Throw 2 of 2 (7 PTS),Free Throw,Free Throw 2 of 2,0,441
41100141,477,PT04M26.00S,4,1610612759,SAS,1536,Jackson,S. Jackson,0,0,0,,0,0.0,0.0,0,h,Jackson P.FOUL (P3.PN),Foul,Personal,0,442
41100141,478,PT04M26.00S,4,1610612762,UTA,200794,Millsap,P. Millsap,0,0,0,,0,96.0,84.0,180,v,Millsap Free Throw 1 of 2 (19 PTS),Free Throw,Free Throw 1 of 2,0,443
41100141,480,PT04M26.00S,4,1610612759,SAS,201980,Green,D. Green,0,0,0,,0,0.0,0.0,0,h,SUB: Parker FOR Green,Substitution,,0,444
41100141,481,PT04M26.00S,4,1610612762,UTA,200794,Millsap,P. Millsap,0,0,0,,0,96.0,85.0,181,v,Millsap Free Throw 2 of 2 (20 PTS),Free Throw,Free Throw 2 of 2,0,445
41100141,483,PT04M10.00S,4,1610612762,UTA,202324,Favors,D. Favors,0,0,0,,0,0.0,0.0,0,v,Favors P.FOUL (P3.PN),Foul,Personal,0,446
41100141,484,PT04M10.00S,4,1610612759,SAS,1536,Jackson,S. Jackson,0,0,0,,0,97.0,85.0,182,h,Jackson Free Throw 1 of 2 (11 PTS),Free Throw,Free Throw 1 of 2,0,447
41100141,486,PT04M10.00S,4,1610612759,SAS,1536,Jackson,S. Jackson,0,0,0,,0,98.0,85.0,183,h,Jackson Free Throw 2 of 2 (12 PTS),Free Throw,Free Throw 2 of 2,0,448
41100141,488,PT03M50.00S,4,1610612762,UTA,2744,Jefferson,A. Jefferson,-10,6,1,Made,1,98.0,87.0,185,v,Jefferson 1' Layup (16 PTS),Made Shot,Layup Shot,0,449
41100141,489,PT03M31.00S,4,1610612759,SAS,1495,Duncan,T. Duncan,0,0,0,,0,0.0,0.0,0,h,Duncan Lost Ball Turnover (P2.T10),Turnover,Lost Ball,0,450
41100141,489,PT03M31.00S,4,1610612762,UTA,2744,Jefferson,A. Jefferson,0,0,0,,0,0.0,0.0,0,v,Jefferson STEAL (2 STL),,,0,451
41100141,490,PT03M27.00S,4,1610612762,UTA,200794,Millsap,P. Millsap,-34,19,4,Missed,1,0.0,0.0,0,v,MISS Millsap 4' Jump Shot,Missed Shot,Jump Shot,0,452
41100141,491,PT03M26.00S,4,0,,1610612759,,,0,0,0,,0,0.0,0.0,0,h,SPURS Rebound,Rebound,Unknown,0,453
41100141,492,PT03M26.00S,4,1610612762,UTA,200794,Millsap,P. Millsap,0,0,0,,0,0.0,0.0,0,v,Millsap L.B.FOUL (P4.PN),Foul,Loose Ball,0,454
41100141,493,PT03M26.00S,4,1610612759,SAS,1536,Jackson,S. Jackson,0,0,0,,0,99.0,87.0,186,h,Jackson Free Throw 1 of 2 (13 PTS),Free Throw,Free Throw 1 of 2,0,455
41100141,495,PT03M26.00S,4,1610612759,SAS,1536,Jackson,S. Jackson,0,0,0,,0,100.0,87.0,187,h,Jackson Free Throw 2 of 2 (14 PTS),Free Throw,Free Throw 2 of 2,0,456
41100141,497,PT03M10.00S,4,1610612762,UTA,202324,Favors,D. Favors,45,66,8,Missed,1,0.0,0.0,0,v,MISS Favors 8' Jump Shot,Missed Shot,Jump Shot,0,457
41100141,498,PT03M09.00S,4,1610612762,UTA,202324,Favors,D. Favors,0,0,0,,0,0.0,0.0,0,v,Favors REBOUND (Off:3 Def:5),Rebound,Unknown,0,458
41100141,499,PT03M04.00S,4,1610612762,UTA,2734,Harris,D. Harris,-128,216,25,Missed,1,0.0,0.0,0,v,MISS Harris 25' 3PT Jump Shot,Missed Shot,Jump Shot,0,459
41100141,500,PT03M03.00S,4,1610612759,SAS,1495,Duncan,T. Duncan,0,0,0,,0,0.0,0.0,0,h,Duncan REBOUND (Off:4 Def:6),Rebound,Unknown,0,460
41100141,501,PT02M44.00S,4,1610612759,SAS,2225,Parker,T. Parker,-38,108,11,Made,1,102.0,87.0,189,h,Parker 11' Jump Shot (28 PTS) (Duncan 5 AST),Made Shot,Jump Shot,0,461
41100141,502,PT02M26.00S,4,1610612762,UTA,2734,Harris,D. Harris,-125,228,26,Missed,1,0.0,0.0,0,v,MISS Harris 26' 3PT Jump Shot,Missed Shot,Jump Shot,0,462
41100141,503,PT02M25.00S,4,1610612759,SAS,1495,Duncan,T. Duncan,0,0,0,,0,0.0,0.0,0,h,Duncan REBOUND (Off:4 Def:7),Rebound,Unknown,0,463
41100141,504,PT02M19.00S,4,0,,1610612759,,,0,0,0,,0,0.0,0.0,0,h,SPURS Timeout: Regular (Full 4 Short 1),Timeout,Regular,0,464
41100141,506,PT02M19.00S,4,1610612759,SAS,1495,Duncan,T. Duncan,0,0,0,,0,0.0,0.0,0,h,SUB: Leonard FOR Duncan,Substitution,,0,465
41100141,507,PT02M19.00S,4,1610612759,SAS,2225,Parker,T. Parker,0,0,0,,0,0.0,0.0,0,h,SUB: Green FOR Parker,Substitution,,0,466
41100141,508,PT02M19.00S,4,1610612759,SAS,1938,Ginobili,M. Ginobili,0,0,0,,0,0.0,0.0,0,h,SUB: Mills FOR Ginobili,Substitution,,0,467
41100141,509,PT02M19.00S,4,1610612759,SAS,1536,Jackson,S. Jackson,0,0,0,,0,0.0,0.0,0,h,SUB: Blair FOR Jackson,Substitution,,0,468
41100141,510,PT02M05.00S,4,1610612759,SAS,202695,Leonard,K. Leonard,165,36,17,Made,1,104.0,87.0,191,h,Leonard 17' Jump Shot (6 PTS),Made Shot,Jump Shot,0,469
41100141,511,PT01M51.00S,4,1610612762,UTA,202324,Favors,D. Favors,0,0,0,,0,0.0,0.0,0,v,Favors Bad Pass Turnover (P1.T15),Turnover,Bad Pass,0,470
41100141,512,PT01M51.00S,4,1610612762,UTA,2734,Harris,D. Harris,0,0,0,,0,0.0,0.0,0,v,SUB: Ahearn FOR Harris,Substitution,,0,471
41100141,513,PT01M51.00S,4,1610612762,UTA,200794,Millsap,P. Millsap,0,0,0,,0,0.0,0.0,0,v,SUB: Evans FOR Millsap,Substitution,,0,472
41100141,514,PT01M51.00S,4,1610612759,SAS,2564,Diaw,B. Diaw,0,0,0,,0,0.0,0.0,0,h,SUB: Anderson FOR Diaw,Substitution,,0,473
41100141,515,PT01M51.00S,4,1610612762,UTA,2744,Jefferson,A. Jefferson,0,0,0,,0,0.0,0.0,0,v,SUB: Kanter FOR Jefferson,Substitution,,0,474
41100141,516,PT01M38.00S,4,1610612759,SAS,201971,Blair,D. Blair,45,9,5,Missed,1,0.0,0.0,0,h,MISS Blair 5' Turnaround Jump Shot,Missed Shot,Turnaround Jump Shot,0,475
41100141,517,PT01M37.00S,4,0,,1610612759,,,0,0,0,,0,0.0,0.0,0,h,SPURS Rebound,Rebound,Unknown,0,476
41100141,519,PT01M27.00S,4,1610612759,SAS,202341,Anderson,J. Anderson,-54,172,18,Missed,1,0.0,0.0,0,h,MISS Anderson 18' Jump Shot,Missed Shot,Jump Shot,0,477
41100141,520,PT01M26.00S,4,1610612762,UTA,202683,Freedom,E. Freedom,0,0,0,,0,0.0,0.0,0,v,Kanter REBOUND (Off:1 Def:1),Rebound,Unknown,0,478
41100141,521,PT01M06.00S,4,1610612762,UTA,202683,Freedom,E. Freedom,-67,22,7,Made,1,104.0,89.0,193,v,Kanter 7' Jump Bank Shot (2 PTS),Made Shot,Jump Bank Shot,0,479
41100141,522,PT00M51.90S,4,1610612759,SAS,202695,Leonard,K. Leonard,-179,178,25,Missed,1,0.0,0.0,0,h,MISS Leonard 25' 3PT Jump Shot,Missed Shot,Jump Shot,0,480
41100141,523,PT00M49.90S,4,1610612762,UTA,202683,Freedom,E. Freedom,0,0,0,,0,0.0,0.0,0,v,Kanter REBOUND (Off:1 Def:2),Rebound,Unknown,0,481
41100141,524,PT00M45.00S,4,1610612759,SAS,201980,Green,D. Green,0,0,0,,0,0.0,0.0,0,h,Green P.FOUL (P3.PN),Foul,Personal,0,482
41100141,525,PT00M45.00S,4,1610612762,UTA,202330,Hayward,G. Hayward,0,0,0,,0,104.0,90.0,194,v,Hayward Free Throw 1 of 2 (16 PTS),Free Throw,Free Throw 1 of 2,0,483
41100141,527,PT00M45.00S,4,1610612762,UTA,202330,Hayward,G. Hayward,0,0,0,,0,104.0,91.0,195,v,Hayward Free Throw 2 of 2 (17 PTS),Free Throw,Free Throw 2 of 2,0,484
41100141,529,PT00M27.90S,4,1610612759,SAS,201971,Blair,D. Blair,7,4,1,Made,1,106.0,91.0,197,h,Blair 1' Layup (5 PTS) (Mills 1 AST),Made Shot,Layup Shot,0,485
41100141,530,PT00M20.90S,4,1610612762,UTA,202330,Hayward,G. Hayward,0,0,0,,0,0.0,0.0,0,v,Hayward Bad Pass Turnover (P1.T16),Turnover,Bad Pass,0,486
41100141,530,PT00M20.90S,4,1610612759,SAS,201971,Blair,D. Blair,0,0,0,,0,0.0,0.0,0,h,Blair STEAL (2 STL),,,0,487
41100141,531,PT00M00.00S,4,0,,0,,,0,0,0,,0,106.0,91.0,197,,End of 4th Period (3:39 PM EST),period,end,0,488
